productName|link|logo|productId|ranking|company_name|loanType|bankName|hasPersonalInstalmentLoan|hasDebtConsolidation|hasPersonalCreditLine|hasTaxLoan|onlineApplicationReward|minLoanAmount|maxLoanAmount|minLoanTenure|maxLoanTenure|openToNonPermanentResidents|lowestMonthlyFlatRate|lowestApr|aprBasis|minMonthlyPaymentHKD|minMonthlyPaymentPercent|annualFeePercent|minAnnualFeeHKD|maxAnnualFeeHKD|annualHandlingFee|minHandlingFee|earlySettlementFeeType|earlySettlementFeePercentOfTotal|earlySettlementFeePercentOutstanding|earlySettlementFeeFlatAmount|minEarlySettlementFee|maxEarlySettlementFee|latePaymentPenaltyType|latePaymentPenaltyPercent|latePaymentPenaltyFlatAmount|minLatePaymentPenalty|maxLatePaymentPenalty|hasPromotion|promotionText|promoExpiry|keyBenefit1|keyBenefit2|keyBenefit3|language
Personal Loan|https://www.aeon.com.hk/AeonApplication/AeonLoan.do?method=display&lang=en|http://admindev.compargo.com/assets/uploadimages/productImg/hk/eaon.png|||7|Personal Instalment Loan|AEON|TRUE|FALSE|FALSE|FALSE|||1000000||48|TRUE|||21.1% for HK$10,000 loan amount with 12 months repayment period||||||||2||4||||5||120|||FALSE|||Monthly flat rate as low as 0.9%|No handling fee|6 to 48 months flexible repayment terms.|en
私人貸款|https://www.aeon.com.hk/AeonApplication/AeonLoan.do?method=display&lang=zh|http://admindev.compargo.com/assets/uploadimages/productImg/hk/eaon.png|||7|Personal Instalment Loan|AEON|TRUE|FALSE|FALSE|FALSE|||1000000||48|TRUE|||貸款額HK$10,000 及還款期 12 個月計算||||||||2||4||||5||120|||FALSE|||月平息一律低至0.9%月平息一律低至0.9%月平息一律低至0.9%月平息一律低至0.9%月平息一律低至0.9%月平息一律低至0.9%月平息一律低至0.9%月平息一律低至0.9%月平息一律低至0.9%月平息一律低至0.9%月平息一律低至0.9%月平息一律低至0.9%|全期豁免手續費|可選擇6至48個月還款期，靈活多變可選擇6至48個月還款期，靈活多變可選擇6至48個月還款期，靈活多變可選擇6至48個月還款期，靈活多變可選擇6至48個月還款期，靈活多變可選擇6至48個月還款期，靈活多變可選擇6至48個月還款期，靈活多變可選擇6至48個月還款期，靈活多變可選擇6至48個月還款期，靈活多變可選擇6至48個月還款期，靈活多變可選擇6至48個月還款期，靈活多變可選擇6至48個月還款期，靈活多變|zh
Express Cash Instalment Loan|https://www.bochk.com/web/personal/loans/loanAppInstall.xml?section=personal&level_2=loans&fldr_id=30639&pfid=30638&NOCACHE|http://admindev.compargo.com/assets/uploadimages/productImg/hk/boc-bank.png|||9|Personal Instalment Loan|Bank of China|TRUE|FALSE|FALSE|FALSE|||1000000||60|TRUE|||||||||1-2||2||2||||3|3|400|||FALSE|||Loan amount up to HK$1,000,000 or 12 times of your monthly salary|Repayment tenor up to 60 months|Additonal loan available through BOCHK Internet Banking and Mobile Banking|en
分期「易達錢」|https://www.bochk.com/web/personal/loans/loanAppInstall.xml?section=personal&level_2=loans&fldr_id=30639&pfid=30638&NOCACHE&lang=tw|http://admindev.compargo.com/assets/uploadimages/productImg/hk/boc-bank.png|||44|Personal Instalment Loan|中國銀行|TRUE|FALSE|FALSE|FALSE|||1000000||60|TRUE|||||||||1-2||2||2||||3|3|400|||FALSE|||貸款額高達月薪12倍或HK$1,000,000貸款額高達月薪12倍或HK$1,000,000貸款額高達月薪12倍或HK$1,000,000貸款額高達月薪12倍或HK$1,000,000貸款額高達月薪12倍或HK$1,000,000貸款額高達月薪12倍或HK$1,000,000貸款額高達月薪12倍或HK$1,000,000貸款額高達月薪12倍或HK$1,000,000貸款額高達月薪12倍或HK$1,000,000貸款額高達月薪12倍或HK$1,000,000貸款額高達月薪12倍或HK$1,000,000貸款額高達月薪12倍或HK$1,000,000|還款期可長達60個月還款期可長達60個月還款期可長達60個月還款期可長達60個月還款期可長達60個月還款期可長達60個月還款期可長達60個月還款期可長達60個月還款期可長達60個月還款期可長達60個月還款期可長達60個月還款期可長達60個月|可通过中銀香港網上銀行及手機銀行進行貸款加借可通过中銀香港網上銀行及手機銀行進行貸款加借可通过中銀香港網上銀行及手機銀行進行貸款加借可通过中銀香港網上銀行及手機銀行進行貸款加借可通过中銀香港網上銀行及手機銀行進行貸款加借可通过中銀香港網上銀行及手機銀行進行貸款加借可通过中銀香港網上銀行及手機銀行進行貸款加借可通过中銀香港網上銀行及手機銀行進行貸款加借可通过中銀香港網上銀行及手機銀行進行貸款加借可通过中銀香港網上銀行及手機銀行進行貸款加借可通过中銀香港網上銀行及手機銀行進行貸款加借可通过中銀香港網上銀行及手機銀行進行貸款加借|zh
Express Cash Revolving Loan|https://www.bochk.com/web/personal/loans/loanAppRevolve.xml?section=personal&level_2=loans&fldr_id=30640&pfid=30638&NOCACHE|http://admindev.compargo.com/assets/uploadimages/productImg/hk/boc-bank.png|||9|Personal Credit Line|Bank of China|FALSE|FALSE|TRUE|FALSE|||1000000|||TRUE||||40|3|1|50|1000|2|20|||||||1|5||100|200|FALSE|||Loan amount up to HK$1,000,000 or 12 times of your monthly salary|Only employment contract is rquired for new graduate|No fixed repayment tenure or amount|en
循環「易達錢」|https://www.bochk.com/web/personal/loans/loanAppRevolve.xml?section=personal&level_2=loans&fldr_id=30640&pfid=30638&NOCACHE&lang=tw|http://admindev.compargo.com/assets/uploadimages/productImg/hk/boc-bank.png|||44|Personal Credit Line|中國銀行|FALSE|FALSE|TRUE|FALSE|||1000000|||TRUE||||40|3|1|50|1000|2|20|||||||1|5||100|200|FALSE|||貸款額高達月薪12倍或HK$1,000,000貸款額高達月薪12倍或HK$1,000,000貸款額高達月薪12倍或HK$1,000,000貸款額高達月薪12倍或HK$1,000,000貸款額高達月薪12倍或HK$1,000,000貸款額高達月薪12倍或HK$1,000,000貸款額高達月薪12倍或HK$1,000,000貸款額高達月薪12倍或HK$1,000,000貸款額高達月薪12倍或HK$1,000,000貸款額高達月薪12倍或HK$1,000,000貸款額高達月薪12倍或HK$1,000,000貸款額高達月薪12倍或HK$1,000,000|大學畢業生只需簡易入職證明大學畢業生只需簡易入職證明大學畢業生只需簡易入職證明大學畢業生只需簡易入職證明大學畢業生只需簡易入職證明大學畢業生只需簡易入職證明大學畢業生只需簡易入職證明大學畢業生只需簡易入職證明大學畢業生只需簡易入職證明大學畢業生只需簡易入職證明大學畢業生只需簡易入職證明大學畢業生只需簡易入職證明|不設固定還款期或還款額不設固定還款期或還款額不設固定還款期或還款額不設固定還款期或還款額不設固定還款期或還款額不設固定還款期或還款額不設固定還款期或還款額不設固定還款期或還款額不設固定還款期或還款額不設固定還款期或還款額不設固定還款期或還款額不設固定還款期或還款額|zh
Express Cash Instalment Loan Balance Transfer|https://www.bochk.com/web/personal/loans/loanAppInstallBalTransfer.xml?section=personal&level_2=loans&fldr_id=30960&pfid=30638&NOCACHE&lang=en|http://admindev.compargo.com/assets/uploadimages/productImg/hk/boc-bank1.png|||9|Debt Consolidation|Bank of China|FALSE|TRUE|FALSE|FALSE|||1000000||72|TRUE|||Loan amount for HK$500,000, a repayment tenor of 12 months and a monthly flat rate of 0.063% ||||||1||2||2||||4|3||||FALSE|||APR as low as 3.31%|Loan amount of up to HK$1,000,000 or 18 times of your monthly salary|Repayment tenor of up to 72 months|en
分期「易達錢」結餘轉戶|https://www.bochk.com/web/personal/loans/loanAppInstallBalTransfer.xml?section=personal&level_2=loans&fldr_id=30960&pfid=30638&NOCACHE&lang=tw|http://admindev.compargo.com/assets/uploadimages/productImg/hk/boc-bank1.png|||44|Debt Consolidation|中國銀行|FALSE|TRUE|FALSE|FALSE|||1000000||72|TRUE|||以貸款額HK$500,000、還款期12個月及每月平息0.063%計算(已包括每年1%的手續費)以貸款額HK$500,000、還款期12個月及每月平息0.063%計算(已包括每年1%的手續費)以貸款額HK$500,000、還款期12個月及每月平息0.063%計算(已包括每年1%的手續費)以貸款額HK$500,000、還款期12個月及每月平息0.063%計算(已包括每年1%的手續費)以貸款額HK$500,000、還款期12個月及每月平息0.063%計算(已包括每年1%的手續費)以貸款額HK$500,000、還款期12個月及每月平息0.063%計算(已包括每年1%的手續費)以貸款額HK$500,000、還款期12個月及每月平息0.063%計算(已包括每年1%的手續費)以貸款額HK$500,000、還款期12個月及每月平息0.063%計算(已包括每年1%的手續費)以貸款額HK$500,000、還款期12個月及每月平息0.063%計算(已包括每年1%的手續費)以貸款額HK$500,000、還款期12個月及每月平息0.063%計算(已包括每年1%的手續費)以貸款額HK$500,000、還款期12個月及每月平息0.063%計算(已包括每年1%的手續費)以貸款額HK$500,000、還款期12個月及每月平息0.063%計算(已包括每年1%的手續費)||||||1||2||2||||4|3||||FALSE|||實際年利率低至3.31%實際年利率低至3.31%實際年利率低至3.31%實際年利率低至3.31%實際年利率低至3.31%實際年利率低至3.31%實際年利率低至3.31%實際年利率低至3.31%實際年利率低至3.31%實際年利率低至3.31%實際年利率低至3.31%實際年利率低至3.31%|貸款額高達HK$1,000,000或月薪18倍貸款額高達HK$1,000,000或月薪18倍貸款額高達HK$1,000,000或月薪18倍貸款額高達HK$1,000,000或月薪18倍貸款額高達HK$1,000,000或月薪18倍貸款額高達HK$1,000,000或月薪18倍貸款額高達HK$1,000,000或月薪18倍貸款額高達HK$1,000,000或月薪18倍貸款額高達HK$1,000,000或月薪18倍貸款額高達HK$1,000,000或月薪18倍貸款額高達HK$1,000,000或月薪18倍貸款額高達HK$1,000,000或月薪18倍|還款期長達72個月|zh
Express Cash Wedding Loan|https://www.bochk.com/web/personal/loans/loanAppInstall.xml?section=personal&level_2=loans&fldr_id=30639&pfid=30638&NOCACHE&lang=en|http://admindev.compargo.com/assets/uploadimages/productImg/hk/boc-bank4.png|||9|Personal Instalment Loan|Bank of China|TRUE|FALSE|FALSE|FALSE|||1000000||60|FALSE|||||||||||||||||4|3||||FALSE|||Loan amount up to HK$1,000,000 or 12 times of your monthly salary|Repayment tenor up to 60 months||en
「易達錢」結婚貸款|https://www.bochk.com/web/personal/loans/loanAppInstall.xml?section=personal&level_2=loans&fldr_id=30639&pfid=30638&NOCACHE&lang=tw|http://admindev.compargo.com/assets/uploadimages/productImg/hk/boc-bank4.png|||44|Personal Instalment Loan|中國銀行|TRUE|FALSE|FALSE|FALSE|||1000000||60|FALSE|||||||||||||||||4|3||||FALSE|||貸款額高達月薪12倍或HK$1,000,000 貸款額高達月薪12倍或HK$1,000,000 貸款額高達月薪12倍或HK$1,000,000 貸款額高達月薪12倍或HK$1,000,000 貸款額高達月薪12倍或HK$1,000,000 貸款額高達月薪12倍或HK$1,000,000 貸款額高達月薪12倍或HK$1,000,000 貸款額高達月薪12倍或HK$1,000,000 貸款額高達月薪12倍或HK$1,000,000 貸款額高達月薪12倍或HK$1,000,000 貸款額高達月薪12倍或HK$1,000,000 貸款額高達月薪12倍或HK$1,000,000 |還款期可長達60個月||zh
"iSmart" Overdraft Facility|https://www.bochk.com/web/personal/loans/loanAppOverdraft.xml?section=personal&level_2=loans&fldr_id=30641&pfid=30638&NOCACHE|http://admindev.compargo.com/assets/uploadimages/productImg/hk/boc-bank.png|||9|Personal Credit Line|Bank of China|FALSE|FALSE|TRUE|FALSE|||600000|||FALSE|||||||||1|||||||||||||FALSE||| Up to HK$600,000 or 6 times of your monthly salary|You can decide on your monthly repayment amount, with interest calculated on the drawn amount on a daily basis.|Selected customers are entitled to preferential interest rates|en
「貸合適」備用透支|https://www.bochk.com/web/personal/loans/loanAppOverdraft.xml?section=personal&level_2=loans&fldr_id=30641&pfid=30638&NOCACHE&lang=tw|http://admindev.compargo.com/assets/uploadimages/productImg/hk/boc-bank.png|||44|Personal Credit Line|中國銀行|FALSE|FALSE|TRUE|FALSE|||600000|||FALSE|||||||||1|||||||||||||FALSE|||貸款額可高達港幣600,000元或月薪6倍貸款額可高達港幣600,000元或月薪6倍貸款額可高達港幣600,000元或月薪6倍貸款額可高達港幣600,000元或月薪6倍貸款額可高達港幣600,000元或月薪6倍貸款額可高達港幣600,000元或月薪6倍貸款額可高達港幣600,000元或月薪6倍貸款額可高達港幣600,000元或月薪6倍貸款額可高達港幣600,000元或月薪6倍貸款額可高達港幣600,000元或月薪6倍貸款額可高達港幣600,000元或月薪6倍|每月還款額由您自行決定，利息只按已動用的透支額每日計算|特選客戶更可尊享特優利率特選客戶更可尊享特優利率特選客戶更可尊享特優利率特選客戶更可尊享特優利率特選客戶更可尊享特優利率特選客戶更可尊享特優利率特選客戶更可尊享特優利率特選客戶更可尊享特優利率特選客戶更可尊享特優利率特選客戶更可尊享特優利率特選客戶更可尊享特優利率|zh
DreamCash Personal Loan|https://eb.bankcomm.com.hk/eb/webLoanApply.action?lang=en_US|http://admindev.compargo.com/assets/uploadimages/productImg/hk/communications-bank.png|||10|Personal Instalment Loan|Bank of Communications|TRUE|FALSE|FALSE|FALSE|||1000000||60|FALSE|||HK$800,000, repayment tenor of 12 months and monthly flat rate of 0.085% which includes 0.5% handling fee per annum||||||1||5|2||200|||3|3|500|||TRUE|supermarket coupon offer up to HK$3800|30/11/2013|Flexible repayment tenor up to 60 months|Annualized Percentage Rate as low as 2.85%||en
DreamCash私人貸款 DreamCash私人貸款 DreamCash私人貸款 DreamCash私人貸款 DreamCash私人貸款 DreamCash私人貸款 DreamCash私人貸款 DreamCash私人貸款 DreamCash私人貸款 DreamCash私人貸款 DreamCash私人貸款 |https://eb.bankcomm.com.hk/eb/webLoanApply.action?lang=zh_TW|http://admindev.compargo.com/assets/uploadimages/productImg/hk/communications-bank.png|||43|Personal Instalment Loan|交通銀行|TRUE|FALSE|FALSE|FALSE|||1000000||60|FALSE|||以還款期12 個月、貸款額HK$800,000 及每月平息0.085% 計算， 並已包括每年0.5% 之貸款手續費||||||1||5|2||200|||3|3|500|||TRUE|可獲贈高達HK$3,800超市現金券可獲贈高達HK$3,800超市現金券可獲贈高達HK$3,800超市現金券可獲贈高達HK$3,800超市現金券可獲贈高達HK$3,800超市現金券可獲贈高達HK$3,800超市現金券可獲贈高達HK$3,800超市現金券可獲贈高達HK$3,800超市現金券可獲贈高達HK$3,800超市現金券可獲贈高達HK$3,800超市現金券可獲贈高達HK$3,800超市現金券|30/11/2013|還款期長達60個月還款期長達60個月還款期長達60個月還款期長達60個月還款期長達60個月還款期長達60個月還款期長達60個月還款期長達60個月還款期長達60個月還款期長達60個月還款期長達60個月|實際年利率低至2.85%實際年利率低至2.85%實際年利率低至2.85%實際年利率低至2.85%實際年利率低至2.85%實際年利率低至2.85%實際年利率低至2.85%實際年利率低至2.85%實際年利率低至2.85%實際年利率低至2.85%實際年利率低至2.85%||zh
Installment Loan|https://www.hkbea.com/whp_appform/whp_instalment_loan_and_card_app_step_1.html|http://admindev.compargo.com/assets/uploadimages/productImg/hk/east-asia-bank.jpg|||11|Personal Instalment Loan|Bank of East Asia|TRUE|FALSE|FALSE|FALSE|Rebate of HK$100||1200000||60|TRUE|||||||||||3||1||500||2|4||200||TRUE|Interest Rebate up to 10 months,Full arrangement weaver,Loan amount up to 10x monthly income|31-12-2013|Interest Rebate up to 10 months|Full arrangement waiver|Loan amount up to 10x monthly income|en
「息慳錢」分期貸款|https://www.hkbea.com/whp_appform/whp_c_instalment_loan_and_card_app_step_1.html|http://admindev.compargo.com/assets/uploadimages/productImg/hk/east-asia-bank.jpg|||42|Personal Instalment Loan|東亞銀行|TRUE|FALSE|FALSE|FALSE|100元現金回贈100元現金回贈100元現金回贈100元現金回贈100元現金回贈100元現金回贈100元現金回贈100元現金回贈100元現金回贈100元現金回贈100元現金回贈||1200000||60|TRUE|||||||||||3||1||500||2|4||200||TRUE|高達10個月利息回贈,手續費全數豁免,貸款額高達月薪10倍高達10個月利息回贈,手續費全數豁免,貸款額高達月薪10倍高達10個月利息回贈,手續費全數豁免,貸款額高達月薪10倍高達10個月利息回贈,手續費全數豁免,貸款額高達月薪10倍高達10個月利息回贈,手續費全數豁免,貸款額高達月薪10倍高達10個月利息回贈,手續費全數豁免,貸款額高達月薪10倍高達10個月利息回贈,手續費全數豁免,貸款額高達月薪10倍高達10個月利息回贈,手續費全數豁免,貸款額高達月薪10倍高達10個月利息回贈,手續費全數豁免,貸款額高達月薪10倍高達10個月利息回贈,手續費全數豁免,貸款額高達月薪10倍高達10個月利息回贈,手續費全數豁免,貸款額高達月薪10倍|31-12-2013|高達10個月利息回贈高達10個月利息回贈高達10個月利息回贈高達10個月利息回贈高達10個月利息回贈高達10個月利息回贈高達10個月利息回贈高達10個月利息回贈高達10個月利息回贈高達10個月利息回贈高達10個月利息回贈|手續費全數豁免手續費全數豁免手續費全數豁免手續費全數豁免手續費全數豁免手續費全數豁免手續費全數豁免手續費全數豁免手續費全數豁免手續費全數豁免手續費全數豁免|貸款額高達月薪10倍貸款額高達月薪10倍貸款額高達月薪10倍貸款額高達月薪10倍貸款額高達月薪10倍貸款額高達月薪10倍貸款額高達月薪10倍貸款額高達月薪10倍貸款額高達月薪10倍貸款額高達月薪10倍貸款額高達月薪10倍|zh
Debt Clearance Plan|https://www.hkbea.com/whp_appform/whp_debt_clearance_plan_app_step_1.html|http://admindev.compargo.com/assets/uploadimages/productImg/hk/east-asia-bank3.jpg|||11|Debt Consolidation|Bank of East Asia|FALSE|TRUE|FALSE|FALSE|Rebate of HK$100||1200000||96|TRUE|||||||||1||3||1||500||2|4||200||FALSE|||Repayment period up to 96 months|No repayment required for the first month|New BEA customers enjoy HK$200 PARKnSHOP gift coupons|en
「息慳錢」清數計劃|https://www.hkbea.com/whp_appform/whp_debt_clearance_plan_app_step_1.html|http://admindev.compargo.com/assets/uploadimages/productImg/hk/east-asia-bank3.jpg|||42|Debt Consolidation|東亞銀行|FALSE|TRUE|FALSE|FALSE|100元現金回贈100元現金回贈100元現金回贈100元現金回贈100元現金回贈100元現金回贈100元現金回贈100元現金回贈100元現金回贈100元現金回贈100元現金回贈||1200000||96|TRUE|||||||||1||3||1||500||2|4||200||FALSE|||還款期長達96個月還款期長達96個月還款期長達96個月還款期長達96個月還款期長達96個月還款期長達96個月還款期長達96個月還款期長達96個月還款期長達96個月還款期長達96個月還款期長達96個月|首月0%利息首月0%利息首月0%利息首月0%利息首月0%利息首月0%利息首月0%利息首月0%利息首月0%利息首月0%利息首月0%利息|新BEA客戶可以享受200元惠康優惠券新BEA客戶可以享受200元惠康優惠券新BEA客戶可以享受200元惠康優惠券新BEA客戶可以享受200元惠康優惠券新BEA客戶可以享受200元惠康優惠券新BEA客戶可以享受200元惠康優惠券新BEA客戶可以享受200元惠康優惠券新BEA客戶可以享受200元惠康優惠券新BEA客戶可以享受200元惠康優惠券新BEA客戶可以享受200元惠康優惠券新BEA客戶可以享受200元惠康優惠券|zh
Instant Cash Revolving Loan|https://www.hkbea.com/whp_appform/whp_instant_cash_app_step_1.html|http://admindev.compargo.com/assets/uploadimages/productImg/hk/east-asia-bank1.jpg|||11|Personal Credit Line|Bank of East Asia|FALSE|FALSE|TRUE|FALSE|||100000|||TRUE||||100|3|1|1000||2|50|3||2||50||1|5||100|200|TRUE|Annual Fee and withdrawal fee waived for the first year, HK$100 PARKnSHOP gift coupons,Credit limit up to 4 times of monthly income,Get express cash on the same day||Annual fee and withdrawal fee waiver for the first year|Credit limit up to 4 times of monthly income|Get express cash on the same day|en
「息慳錢」特快循環貸款|https://www.hkbea.com/whp_appform/whp_c_instant_cash_app_step_1.html|http://admindev.compargo.com/assets/uploadimages/productImg/hk/east-asia-bank1.jpg|||42|Personal Credit Line|東亞銀行|FALSE|FALSE|TRUE|FALSE|||100000|||TRUE||||100|3|1|1000||2|50|3||2||50||1|5||100|200|TRUE|免收年年費及提款手續費，100元現金回贈，信用額度高達月薪4倍，特快現金即日到手免收年年費及提款手續費，100元現金回贈，信用額度高達月薪4倍，特快現金即日到手免收年年費及提款手續費，100元現金回贈，信用額度高達月薪4倍，特快現金即日到手免收年年費及提款手續費，100元現金回贈，信用額度高達月薪4倍，特快現金即日到手免收年年費及提款手續費，100元現金回贈，信用額度高達月薪4倍，特快現金即日到手免收年年費及提款手續費，100元現金回贈，信用額度高達月薪4倍，特快現金即日到手免收年年費及提款手續費，100元現金回贈，信用額度高達月薪4倍，特快現金即日到手免收年年費及提款手續費，100元現金回贈，信用額度高達月薪4倍，特快現金即日到手免收年年費及提款手續費，100元現金回贈，信用額度高達月薪4倍，特快現金即日到手免收年年費及提款手續費，100元現金回贈，信用額度高達月薪4倍，特快現金即日到手免收年年費及提款手續費，100元現金回贈，信用額度高達月薪4倍，特快現金即日到手||免收年年費及提款手續費免收年年費及提款手續費免收年年費及提款手續費免收年年費及提款手續費免收年年費及提款手續費免收年年費及提款手續費免收年年費及提款手續費免收年年費及提款手續費免收年年費及提款手續費免收年年費及提款手續費免收年年費及提款手續費|信用額度高達月薪4倍信用額度高達月薪4倍信用額度高達月薪4倍信用額度高達月薪4倍信用額度高達月薪4倍信用額度高達月薪4倍信用額度高達月薪4倍信用額度高達月薪4倍信用額度高達月薪4倍信用額度高達月薪4倍信用額度高達月薪4倍|特快現金即日到手特快現金即日到手特快現金即日到手特快現金即日到手特快現金即日到手特快現金即日到手特快現金即日到手特快現金即日到手特快現金即日到手特快現金即日到手特快現金即日到手|zh
Revolving Loan|https://www.hkbea.com/whp_appform/whp_revolving_loan_app_step_1.html|http://admindev.compargo.com/assets/uploadimages/productImg/hk/east-asia-bank4.jpg|||11|Personal Credit Line|Bank of East Asia|FALSE|FALSE|TRUE|FALSE| HK$200 PARKnSHOP gift coupons||300000|||TRUE||||100|3|1|1000||2|50|3||2||50||1|5||100|200|TRUE|Annual Fee and withdrawal fee waived for the first year, HK$100 PARKnSHOP gift coupons,Credit limit up to 4 times of monthly income,Interest rate of 0% p.a. for the first 6 months||Interest rate of 0% p.a. for the first 6 months|Up to a 4-month fixed monthly handling fee rebate|Annual fee and withdrawal fee waiver for the first year|en
「息慳錢」循環貸款|https://www.hkbea.com/whp_appform/whp_c_revolving_loan_app_step_1.html|http://admindev.compargo.com/assets/uploadimages/productImg/hk/east-asia-bank4.jpg|||42|Personal Credit Line|東亞銀行|FALSE|FALSE|TRUE|FALSE|百佳禮券高達港幣200元百佳禮券高達港幣200元百佳禮券高達港幣200元百佳禮券高達港幣200元百佳禮券高達港幣200元百佳禮券高達港幣200元百佳禮券高達港幣200元百佳禮券高達港幣200元百佳禮券高達港幣200元百佳禮券高達港幣200元百佳禮券高達港幣200元||300000|||TRUE||||100|3|1|1000||2|50|3||2||50||1|5||100|200|TRUE|免收年年費及提款手續費，100元現金回贈，信用額度高達月薪4倍，首6個月零息利率免收年年費及提款手續費，100元現金回贈，信用額度高達月薪4倍，首6個月零息利率免收年年費及提款手續費，100元現金回贈，信用額度高達月薪4倍，首6個月零息利率免收年年費及提款手續費，100元現金回贈，信用額度高達月薪4倍，首6個月零息利率免收年年費及提款手續費，100元現金回贈，信用額度高達月薪4倍，首6個月零息利率免收年年費及提款手續費，100元現金回贈，信用額度高達月薪4倍，首6個月零息利率免收年年費及提款手續費，100元現金回贈，信用額度高達月薪4倍，首6個月零息利率免收年年費及提款手續費，100元現金回贈，信用額度高達月薪4倍，首6個月零息利率免收年年費及提款手續費，100元現金回贈，信用額度高達月薪4倍，首6個月零息利率免收年年費及提款手續費，100元現金回贈，信用額度高達月薪4倍，首6個月零息利率免收年年費及提款手續費，100元現金回贈，信用額度高達月薪4倍，首6個月零息利率||首6個月零息利率首6個月零息利率首6個月零息利率首6個月零息利率首6個月零息利率首6個月零息利率首6個月零息利率首6個月零息利率首6個月零息利率首6個月零息利率首6個月零息利率|每月定額費用回贈高達4個月每月定額費用回贈高達4個月每月定額費用回贈高達4個月每月定額費用回贈高達4個月每月定額費用回贈高達4個月每月定額費用回贈高達4個月每月定額費用回贈高達4個月每月定額費用回贈高達4個月每月定額費用回贈高達4個月每月定額費用回贈高達4個月每月定額費用回贈高達4個月|免首年年費及提款手續費免首年年費及提款手續費免首年年費及提款手續費免首年年費及提款手續費免首年年費及提款手續費免首年年費及提款手續費免首年年費及提款手續費免首年年費及提款手續費免首年年費及提款手續費免首年年費及提款手續費免首年年費及提款手續費|zh
Overdraft Facilities|https://www.hkbea.com/whp_appform/whp_right_for_you_od_app_step_1.html|http://admindev.compargo.com/assets/uploadimages/productImg/hk/east-asia-bank2.jpg|||11|Personal Credit Line|Bank of East Asia|FALSE|FALSE|TRUE|FALSE|||1000000|||TRUE||||100|2.5||||1|200|||||||5||150|||TRUE|Full waiver of the arrangement fee for the first year，Credit limit up to 8 times of monthly incomeFull waiver of the arrangement fee for the first year，Credit limit up to 8 times of monthly incomeFull waiver of the arrangement fee for the first year，Credit limit up to 8 times of monthly incomeFull waiver of the arrangement fee for the first year，Credit limit up to 8 times of monthly incomeFull waiver of the arrangement fee for the first year，Credit limit up to 8 times of monthly incomeFull waiver of the arrangement fee for the first year，Credit limit up to 8 times of monthly incomeFull waiver of the arrangement fee for the first year，Credit limit up to 8 times of monthly incomeFull waiver of the arrangement fee for the first year，Credit limit up to 8 times of monthly incomeFull waiver of the arrangement fee for the first year，Credit limit up to 8 times of monthly incomeFull waiver of the arrangement fee for the first year，Credit limit up to 8 times of monthly incomeFull waiver of the arrangement fee for the first year，Credit limit up to 8 times of monthly income||Full waiver of the arrangement fee for the first year|Credit limit up to 8 times of monthly income||en
「息慳錢」透支服務|https://www.hkbea.com/whp_appform/whp_c_right_for_you_od_app_step_1.html|http://admindev.compargo.com/assets/uploadimages/productImg/hk/east-asia-bank2.jpg|||42|Personal Credit Line|東亞銀行|FALSE|FALSE|TRUE|FALSE|||1000000|||TRUE||||100|2.5||||1|200|||||||5||150|||TRUE|首年手续费全额豁免，信貸額度高達8倍月息||首年手续费全额豁免首年手续费全额豁免首年手续费全额豁免首年手续费全额豁免首年手续费全额豁免首年手续费全额豁免首年手续费全额豁免首年手续费全额豁免首年手续费全额豁免首年手续费全额豁免首年手续费全额豁免|信貸額度高達8倍月息信貸額度高達8倍月息信貸額度高達8倍月息信貸額度高達8倍月息信貸額度高達8倍月息信貸額度高達8倍月息信貸額度高達8倍月息信貸額度高達8倍月息信貸額度高達8倍月息信貸額度高達8倍月息信貸額度高達8倍月息||zh
Tax Installment Loan|https://www.cncbinternational.com/onlineapp/campaignController?CD=LoanDSTIL&ACTION=INPUT&LANG=en_US&SOURCE=ATJ02|http://admindev.compargo.com/assets/uploadimages/productImg/hk/china-citic-bank5.jpg|||12|Tax Loan|China CITIC Bank International|FALSE|FALSE|FALSE|FALSE|||2000000||24|TRUE|||||||||1||3||1.5||500||2|3||100||FALSE|||3 times of Free Choice Skip Payment. No need to pay during the skip payment period.|Loan amount as high as 10 times of your monthly salary or HK$2,000,000.|Handling charge waiver on early loan settlement.|en
稅務貸款|https://www.cncbinternational.com/onlineapp/campaignController?CD=LoanDSTIL&ACTION=INPUT&LANG=zh_HK&SOURCE=ATJ02|http://admindev.compargo.com/assets/uploadimages/productImg/hk/china-citic-bank5.jpg|||41|Tax Loan|信銀國際|FALSE|FALSE|FALSE|FALSE|||2000000||24|TRUE|||||||||1||3||1.5||500||2|3||100||FALSE|||自選3次免供期，於免供期內毋須償還任何本金、月費或任何額外費用|貸款額高達月薪10倍或HK$2,000,000|豁免提早還款手續費|zh
Dollar$mart Personal Installment Loan|https://www.cncbinternational.com/onlineapp/campaignController?CD=LoanDSPIL&ACTION=INPUT&LANG=en_US&SOURCE=ATJ02|http://admindev.compargo.com/assets/uploadimages/productImg/hk/china-citic-bank5.jpg|||12|Personal Instalment Loan|China CITIC Bank International|TRUE|FALSE|FALSE|FALSE|HK$100 Supermarket Cash Coupon.||1000000||72|TRUE|||||||||1||3||1.5||500||2|3||100||FALSE|||Loan amount up tp 10 times of your monthly salary or HK$1,000,000.|Repayment terms as long as 72 months|Monthly Flat Rate as low as 0.038%|en
Dollar$mart分期貸款|https://www.cncbinternational.com/onlineapp/campaignController?CD=LoanDSPIL&ACTION=INPUT&LANG=zh_HK&SOURCE=ATJ02|http://admindev.compargo.com/assets/uploadimages/productImg/hk/china-citic-bank5.jpg|||41|Personal Instalment Loan|信銀國際|TRUE|FALSE|FALSE|FALSE|HK$100超市禮券||1000000||72|TRUE|||||||||1||3||1.5||500||2|3||100||FALSE|||貸款額高達月薪 10 倍或 HK$1,000,000 貸款額高達月薪 10 倍或 HK$1,000,000 貸款額高達月薪 10 倍或 HK$1,000,000 貸款額高達月薪 10 倍或 HK$1,000,000 貸款額高達月薪 10 倍或 HK$1,000,000 貸款額高達月薪 10 倍或 HK$1,000,000 貸款額高達月薪 10 倍或 HK$1,000,000 貸款額高達月薪 10 倍或 HK$1,000,000 貸款額高達月薪 10 倍或 HK$1,000,000 貸款額高達月薪 10 倍或 HK$1,000,000 |長達 72 個月還款期|每月平息低至0.038%|zh
Dollar$mart Installment Loan – Debt Consolidation|http://www.cncbinternational.com/_document/personal/loan-consolidation/en/debt_consolidation_form.pdf|http://admindev.compargo.com/assets/uploadimages/productImg/hk/china-citic-bank5.jpg|||12|Debt Consolidation|China CITIC Bank International|FALSE|TRUE|FALSE|FALSE|||1000000||84|TRUE|||||||||1||3||1.5||500||2|3||100||FALSE|||Loan amount up to 21 times of your monthly salary or HK$1,000,000 |Loan tenor as long as 84 months|Cash out up to 6 times of monthly salary or HK$200,000 for your financial flexibility|en
Dollar$mart分期貸款 - 結餘轉戶|http://www.cncbinternational.com/_document/personal/loan-consolidation/en/debt_consolidation_form.pdf|http://admindev.compargo.com/assets/uploadimages/productImg/hk/china-citic-bank5.jpg|||41|Debt Consolidation|信銀國際|FALSE|TRUE|FALSE|FALSE|||1000000||84|TRUE|||||||||1||3||1.5||500||2|3||100||FALSE|||特大貸款額高達月薪21倍或HK$1,000,0001特大貸款額高達月薪21倍或HK$1,000,0001特大貸款額高達月薪21倍或HK$1,000,0001特大貸款額高達月薪21倍或HK$1,000,0001特大貸款額高達月薪21倍或HK$1,000,0001特大貸款額高達月薪21倍或HK$1,000,0001特大貸款額高達月薪21倍或HK$1,000,0001特大貸款額高達月薪21倍或HK$1,000,0001特大貸款額高達月薪21倍或HK$1,000,0001特大貸款額高達月薪21倍或HK$1,000,0001|還款期長達84個月|給你高達月薪6倍或HK$200,000額外現金給你高達月薪6倍或HK$200,000額外現金給你高達月薪6倍或HK$200,000額外現金給你高達月薪6倍或HK$200,000額外現金給你高達月薪6倍或HK$200,000額外現金給你高達月薪6倍或HK$200,000額外現金給你高達月薪6倍或HK$200,000額外現金給你高達月薪6倍或HK$200,000額外現金給你高達月薪6倍或HK$200,000額外現金給你高達月薪6倍或HK$200,000額外現金|zh
Personal Line of Credit|https://www.cncbinternational.com/onlineapp/campaignController?CD=LoanLCPILPL&ACTION=INPUT&LANG=en_US&SOURCE=ATJ02|http://admindev.compargo.com/assets/uploadimages/productImg/hk/china-citic-bank3.jpg|||12|Personal Credit Line|China CITIC Bank International|FALSE|FALSE|TRUE|FALSE|HK$50 Cash Rebate||600000|||TRUE||||50|3|1|200|1000|||||||||2|10||100||FALSE|||First year Annual fee waiver.|Credit limit as high as HK$600,000 or 5 times of your monthly salary.|Cash withdrawal at your convenience without any extra charges|en
支票透支服務|https://www.cncbinternational.com/onlineapp/campaignController?CD=LoanLCPILPL&ACTION=INPUT&LANG=zh_HK&SOURCE=ATJ02|http://admindev.compargo.com/assets/uploadimages/productImg/hk/china-citic-bank3.jpg|||41|Personal Credit Line|信銀國際|FALSE|FALSE|TRUE|FALSE|HK$50現金獎賞||600000|||TRUE||||50|3|1|200|1000|||||||||2|10||100||FALSE|||免首年年費|備用透支額高達HK$600,000或月薪5倍備用透支額高達HK$600,000或月薪5倍備用透支額高達HK$600,000或月薪5倍備用透支額高達HK$600,000或月薪5倍備用透支額高達HK$600,000或月薪5倍備用透支額高達HK$600,000或月薪5倍備用透支額高達HK$600,000或月薪5倍備用透支額高達HK$600,000或月薪5倍備用透支額高達HK$600,000或月薪5倍備用透支額高達HK$600,000或月薪5倍|提款方便，毋須提款手續費|zh
Secured Overdraft Facility||http://admindev.compargo.com/assets/uploadimages/productImg/hk/china-citic-bank4.jpg|||12|Personal Credit Line|China CITIC Bank International|FALSE|FALSE|TRUE|FALSE||||||FALSE||||||||||||||||||||||FALSE|||Interest charged only on your overdrawn amount|No minimum repayment||en
抵押透支服務||http://admindev.compargo.com/assets/uploadimages/productImg/hk/china-citic-bank4.jpg|||41|Personal Credit Line|信銀國際|FALSE|FALSE|TRUE|FALSE||||||FALSE||||||||||||||||||||||FALSE|||利息只按實際透支結欠逐日計算|不設最低還款額||zh
CITICfirst Standby Secured Overdraft Facility||http://admindev.compargo.com/assets/uploadimages/productImg/hk/china-citic-bank.jpg|||12|Personal Credit Line|China CITIC Bank International|FALSE|FALSE|TRUE|FALSE||||||FALSE||||||||||||||||||||||TRUE|nterest rate of 2.98% p.a.|31-12-2013|Credit limit updated daily to reflect your current and newly added pledged asset value|No annual fee|No minimum monthly repayment required|en
CITICfirst備用抵押透支服務||http://admindev.compargo.com/assets/uploadimages/productImg/hk/china-citic-bank.jpg|||41|Personal Credit Line|信銀國際|FALSE|FALSE|TRUE|FALSE||||||FALSE||||||||||||||||||||||TRUE|可享特惠年息2.98%|31-12-2013|透支額會按現有及新加入的抵押資產值每日更新|不設年費不設年費不設年費不設年費不設年費不設年費不設年費不設年費不設年費不設年費|不設每月最低還款額|zh
Personal Installment Loan|https://online.asia.ccb.com/PersonalHKWeb/pubbranchupl/pbuplappform/PBUPL_AppFormController.jpf?lt=1&lang=english|http://admindev.compargo.com/assets/uploadimages/productImg/hk/china-construction-bank1.png|||13|Personal Instalment Loan|China Construction Bank (Asia)|TRUE|FALSE|FALSE|FALSE|up to HK$100 supermarket coupon||1000000||84|FALSE|||||||||||1|2|||||3|5|500|| |TRUE|Enjoy up to HK$$3,800 cash rebate and up to HK$100 supermarket coupon|28-02-2014|  Flexible repayment tenor up to 84 months|Handling fee waiver|Loan amount up to HK$1,000,000 or 10 times monthly salary|en
「好現金」私人分期貸款|https://online.asia.ccb.com/PersonalHKWeb/pubbranchupl/pbuplappform/PBUPL_AppFormController.jpf?lt=1&lang=chinese|http://admindev.compargo.com/assets/uploadimages/productImg/hk/china-construction-bank1.png|||40|Personal Instalment Loan|建行(亞洲)|TRUE|FALSE|FALSE|FALSE|額外送HK$100超市現金劵額外送HK$100超市現金劵額外送HK$100超市現金劵額外送HK$100超市現金劵額外送HK$100超市現金劵額外送HK$100超市現金劵額外送HK$100超市現金劵額外送HK$100超市現金劵額外送HK$100超市現金劵額外送HK$100超市現金劵||1000000||84|FALSE|||||||||||1|2|||||3|5|500|||TRUE|可享現金回贈高達3,800港元及額外送HK$100超市現金劵可享現金回贈高達3,800港元及額外送HK$100超市現金劵可享現金回贈高達3,800港元及額外送HK$100超市現金劵可享現金回贈高達3,800港元及額外送HK$100超市現金劵可享現金回贈高達3,800港元及額外送HK$100超市現金劵可享現金回贈高達3,800港元及額外送HK$100超市現金劵可享現金回贈高達3,800港元及額外送HK$100超市現金劵可享現金回贈高達3,800港元及額外送HK$100超市現金劵可享現金回贈高達3,800港元及額外送HK$100超市現金劵可享現金回贈高達3,800港元及額外送HK$100超市現金劵|28-02-2014|還款期長達84個月還款期長達84個月還款期長達84個月還款期長達84個月還款期長達84個月還款期長達84個月還款期長達84個月還款期長達84個月還款期長達84個月還款期長達84個月|豁免手續費豁免手續費豁免手續費豁免手續費豁免手續費豁免手續費豁免手續費豁免手續費豁免手續費豁免手續費|貸款額高達1,000,000港元或月薪10倍貸款額高達1,000,000港元或月薪10倍貸款額高達1,000,000港元或月薪10倍貸款額高達1,000,000港元或月薪10倍貸款額高達1,000,000港元或月薪10倍貸款額高達1,000,000港元或月薪10倍貸款額高達1,000,000港元或月薪10倍貸款額高達1,000,000港元或月薪10倍貸款額高達1,000,000港元或月薪10倍貸款額高達1,000,000港元或月薪10倍|zh
Balance Transfer Program|https://online.asia.ccb.com/PersonalHKWeb/pubbranchupl/pbuplappform/PBUPL_AppFormController.jpf?lt=2&lang=english|http://admindev.compargo.com/assets/uploadimages/productImg/hk/china-construction-bank.png|||13|Debt Consolidation|China Construction Bank (Asia)|FALSE|TRUE|FALSE|FALSE|up to HK$200 supermarket coupon||1200000||84|FALSE|||||||||||2||2||||3|5|500|||TRUE|Enjoy up to HK$$4,800 cash rebate |31-03-2014|  Flexible repayment tenor up to 84 months|Handling fee waiver|Loan amount up to HK$1.2 million or 21 times your monthly salary |en
「好現金」結餘轉戶計劃|https://online.asia.ccb.com/PersonalHKWeb/pubbranchupl/pbuplappform/PBUPL_AppFormController.jpf?lt=2&lang=chinese|http://admindev.compargo.com/assets/uploadimages/productImg/hk/china-construction-bank.png|||40|Debt Consolidation|建行(亞洲)|FALSE|TRUE|FALSE|FALSE|額外送HK$200超市現金劵額外送HK$200超市現金劵額外送HK$200超市現金劵額外送HK$200超市現金劵額外送HK$200超市現金劵額外送HK$200超市現金劵額外送HK$200超市現金劵額外送HK$200超市現金劵額外送HK$200超市現金劵額外送HK$200超市現金劵||1200000||84|FALSE|||||||||||2||2||||3|5|500|||TRUE|可享現金回贈高達4,800港元可享現金回贈高達4,800港元可享現金回贈高達4,800港元可享現金回贈高達4,800港元可享現金回贈高達4,800港元可享現金回贈高達4,800港元可享現金回贈高達4,800港元可享現金回贈高達4,800港元可享現金回贈高達4,800港元可享現金回贈高達4,800港元|31-03-2014|還款期長達84個月還款期長達84個月還款期長達84個月還款期長達84個月還款期長達84個月還款期長達84個月還款期長達84個月還款期長達84個月還款期長達84個月還款期長達84個月|豁免手續費豁免手續費豁免手續費豁免手續費豁免手續費豁免手續費豁免手續費豁免手續費豁免手續費豁免手續費|貸款額高達120萬港元或月薪21倍|zh
Tax Loan|https://online.asia.ccb.com/PersonalHKWeb/pubbranchupl/pbuplappform/PBUPL_AppFormController.jpf?lt=3&lang=english|http://admindev.compargo.com/assets/uploadimages/productImg/hk/china-construction-bank2.png|||13|Tax Loan|China Construction Bank (Asia)|FALSE|FALSE|FALSE|FALSE|||2000000||24|FALSE|||||||||||1|2|||||3|5|500|||TRUE|Chance to win one lot of CCB Share|31-12-2013|Flexible repayment tenor of 6, 9, 12, 18 months for selection|  Instant approval and same day funds disbursement|Loan amount up to HK$2,000,000 or 10 times monthly salary |en
「好現金」稅務貸款|https://online.asia.ccb.com/PersonalHKWeb/pubbranchupl/pbuplappform/PBUPL_AppFormController.jpf?lt=3&lang=chinese|http://admindev.compargo.com/assets/uploadimages/productImg/hk/china-construction-bank2.png|||40|Tax Loan|建行(亞洲)|FALSE|FALSE|FALSE|FALSE|||2000000||24|FALSE|||||||||||1|2|||||3|5|500|||TRUE| 可贏取1手(即1,000股)建設銀行股票 可贏取1手(即1,000股)建設銀行股票 可贏取1手(即1,000股)建設銀行股票 可贏取1手(即1,000股)建設銀行股票 可贏取1手(即1,000股)建設銀行股票 可贏取1手(即1,000股)建設銀行股票 可贏取1手(即1,000股)建設銀行股票 可贏取1手(即1,000股)建設銀行股票 可贏取1手(即1,000股)建設銀行股票 可贏取1手(即1,000股)建設銀行股票|31-12-2013|  特設 6, 9, 12, 18, 24個月還款期以供選擇  特設 6, 9, 12, 18, 24個月還款期以供選擇  特設 6, 9, 12, 18, 24個月還款期以供選擇  特設 6, 9, 12, 18, 24個月還款期以供選擇  特設 6, 9, 12, 18, 24個月還款期以供選擇  特設 6, 9, 12, 18, 24個月還款期以供選擇  特設 6, 9, 12, 18, 24個月還款期以供選擇  特設 6, 9, 12, 18, 24個月還款期以供選擇  特設 6, 9, 12, 18, 24個月還款期以供選擇  特設 6, 9, 12, 18, 24個月還款期以供選擇|即時批核及即日發放貸款至您指定之銀行戶口|貸款額高達 200萬港元或月薪10倍 |zh
Personal Loan|https://sportal.chbank.com/chbank-formEngine/locale.do?language=en&page=/PLoan.do&action=newPLoan|http://admindev.compargo.com/assets/uploadimages/productImg/hk/chong-hing-bank1.jpg|||14|Personal Instalment Loan|Chong Hing|TRUE|FALSE|FALSE|FALSE|||1000000||48|TRUE|||||||||||3||1||300||3|3|50|||TRUE|HK$200 supermarket coupon (“New Customers” who successfully apply for “Chong Hing Personal Loan” on or before the specified date and drawdown a loan of HK$100,000 or above with repayment period 24 months or above )||Loan amount up to HK$1,000,000 or 8 times of monthly salary|Handling fee waiver||en
私人貸款|https://sportal.chbank.com/chbank-formEngine/locale.do?language=zh&page=/PLoan.do&action=newPLoan|http://admindev.compargo.com/assets/uploadimages/productImg/hk/chong-hing-bank1.jpg|||39|Personal Instalment Loan|創興銀行|TRUE|FALSE|FALSE|FALSE|||1000000||48|TRUE|||||||||||3||1||300||3|3|50|||TRUE|可獲取港幣200元超市禮券 (在指定日期或之前成功申請「任享錢」私人貸款及提取貸款額達港幣100,000元或以上及還款期為24個月或以上之「全新客戶」)可獲取港幣200元超市禮券 (在指定日期或之前成功申請「任享錢」私人貸款及提取貸款額達港幣100,000元或以上及還款期為24個月或以上之「全新客戶」)可獲取港幣200元超市禮券 (在指定日期或之前成功申請「任享錢」私人貸款及提取貸款額達港幣100,000元或以上及還款期為24個月或以上之「全新客戶」)可獲取港幣200元超市禮券 (在指定日期或之前成功申請「任享錢」私人貸款及提取貸款額達港幣100,000元或以上及還款期為24個月或以上之「全新客戶」)可獲取港幣200元超市禮券 (在指定日期或之前成功申請「任享錢」私人貸款及提取貸款額達港幣100,000元或以上及還款期為24個月或以上之「全新客戶」)可獲取港幣200元超市禮券 (在指定日期或之前成功申請「任享錢」私人貸款及提取貸款額達港幣100,000元或以上及還款期為24個月或以上之「全新客戶」)可獲取港幣200元超市禮券 (在指定日期或之前成功申請「任享錢」私人貸款及提取貸款額達港幣100,000元或以上及還款期為24個月或以上之「全新客戶」)可獲取港幣200元超市禮券 (在指定日期或之前成功申請「任享錢」私人貸款及提取貸款額達港幣100,000元或以上及還款期為24個月或以上之「全新客戶」)可獲取港幣200元超市禮券 (在指定日期或之前成功申請「任享錢」私人貸款及提取貸款額達港幣100,000元或以上及還款期為24個月或以上之「全新客戶」)||貸款額高達HK$1,000,000或月薪8倍貸款額高達HK$1,000,000或月薪8倍貸款額高達HK$1,000,000或月薪8倍貸款額高達HK$1,000,000或月薪8倍貸款額高達HK$1,000,000或月薪8倍貸款額高達HK$1,000,000或月薪8倍貸款額高達HK$1,000,000或月薪8倍貸款額高達HK$1,000,000或月薪8倍貸款額高達HK$1,000,000或月薪8倍|豁免手續費豁免手續費豁免手續費豁免手續費豁免手續費豁免手續費豁免手續費豁免手續費豁免手續費||zh
Education Loan|javascript:NewWindow('https://sportal.chbank.com/chbank-formEngine/locale.do?language=en&page=/PLoan.do&action=newPLoan','personal','750','800',1,0);|http://admindev.compargo.com/assets/uploadimages/productImg/hk/chong-hing-bank.jpg|||14|Personal Instalment Loan|Chong Hing|TRUE|FALSE|FALSE|FALSE|||300000||24|TRUE|||||||||2||3||1||300||3|3|50|||FALSE|||Loan amount up to 100% of the tuition fee and / or boarding fee or HK$300,000 or 4 times monthly salary|Monthly interest rate as low as 0.17%||en
「任享錢」進修貸款|https://sportal.chbank.com/chbank-formEngine/locale.do?language=zh&page=/PLoan.do&action=newPLoan|http://admindev.compargo.com/assets/uploadimages/productImg/hk/chong-hing-bank.jpg|||39|Personal Instalment Loan|創興銀行|TRUE|FALSE|FALSE|FALSE|||300000||24|TRUE|||||||||2||3||1||300||3|3|50|||FALSE|||貸款額高達學費及／或寄宿費之100%或港幣300,000元或申請人月薪4倍貸款額高達學費及／或寄宿費之100%或港幣300,000元或申請人月薪4倍貸款額高達學費及／或寄宿費之100%或港幣300,000元或申請人月薪4倍貸款額高達學費及／或寄宿費之100%或港幣300,000元或申請人月薪4倍貸款額高達學費及／或寄宿費之100%或港幣300,000元或申請人月薪4倍貸款額高達學費及／或寄宿費之100%或港幣300,000元或申請人月薪4倍貸款額高達學費及／或寄宿費之100%或港幣300,000元或申請人月薪4倍貸款額高達學費及／或寄宿費之100%或港幣300,000元或申請人月薪4倍貸款額高達學費及／或寄宿費之100%或港幣300,000元或申請人月薪4倍|月息低至0.17%月息低至0.17%月息低至0.17%月息低至0.17%月息低至0.17%月息低至0.17%月息低至0.17%月息低至0.17%月息低至0.17%||zh
Pledged Deposit Overdraft Facility - HK$||http://admindev.compargo.com/assets/uploadimages/productImg/hk/chong-hing-bank2.jpg|||14|Personal Credit Line|Chong Hing|FALSE|FALSE|TRUE|FALSE|||15000000|||FALSE||||||||||||||||||||||FALSE|||Standby line of credit up to 100% of the fixed deposit value|Handling fee waiver|No minimum repayment is required. Interest is charged only on the daily-utilized credit line amount which suits for short-term investment or cash needs.|en
存款抵押透支服務-港元存款抵押透支服務-港元存款抵押透支服務-港元存款抵押透支服務-港元存款抵押透支服務-港元存款抵押透支服務-港元存款抵押透支服務-港元存款抵押透支服務-港元存款抵押透支服務-港元||http://admindev.compargo.com/assets/uploadimages/productImg/hk/chong-hing-bank2.jpg|||39|Personal Credit Line|創興銀行|FALSE|FALSE|TRUE|FALSE|||15000000|||FALSE||||||||||||||||||||||FALSE|||備用透支額可高達定期存款金額之100%備用透支額可高達定期存款金額之100%備用透支額可高達定期存款金額之100%備用透支額可高達定期存款金額之100%備用透支額可高達定期存款金額之100%備用透支額可高達定期存款金額之100%備用透支額可高達定期存款金額之100%備用透支額可高達定期存款金額之100%備用透支額可高達定期存款金額之100%|豁免手續費豁免手續費豁免手續費豁免手續費豁免手續費豁免手續費豁免手續費豁免手續費豁免手續費|不設最低還款額，利息只按每日已動用的透支額計算，特別適合短期投資或周轉之用不設最低還款額，利息只按每日已動用的透支額計算，特別適合短期投資或周轉之用不設最低還款額，利息只按每日已動用的透支額計算，特別適合短期投資或周轉之用不設最低還款額，利息只按每日已動用的透支額計算，特別適合短期投資或周轉之用不設最低還款額，利息只按每日已動用的透支額計算，特別適合短期投資或周轉之用不設最低還款額，利息只按每日已動用的透支額計算，特別適合短期投資或周轉之用不設最低還款額，利息只按每日已動用的透支額計算，特別適合短期投資或周轉之用不設最低還款額，利息只按每日已動用的透支額計算，特別適合短期投資或周轉之用不設最低還款額，利息只按每日已動用的透支額計算，特別適合短期投資或周轉之用|zh
Pledged Deposit Overdraft Facility - USD||http://admindev.compargo.com/assets/uploadimages/productImg/hk/chong-hing-bank3.jpg|||14|Personal Credit Line|Chong Hing|FALSE|FALSE|TRUE|FALSE|||15000000|||FALSE||||||||||||||||||||||FALSE|||Handling fee waiver|No minimum repayment is required. Interest is charged only on the daily-utilized credit line amount which suits for short-term investment or cash needs.||en
存款抵押透支服務-美元存款抵押透支服務-美元存款抵押透支服務-美元存款抵押透支服務-美元存款抵押透支服務-美元存款抵押透支服務-美元存款抵押透支服務-美元存款抵押透支服務-美元存款抵押透支服務-美元||http://admindev.compargo.com/assets/uploadimages/productImg/hk/chong-hing-bank3.jpg|||39|Personal Credit Line|創興銀行|FALSE|FALSE|TRUE|FALSE|||15000000|||FALSE||||||||||||||||||||||FALSE|||豁免手續費豁免手續費豁免手續費豁免手續費豁免手續費豁免手續費豁免手續費豁免手續費豁免手續費|不設最低還款額，利息只按每日已動用的透支額計算，特別適合短期投資或周轉之用不設最低還款額，利息只按每日已動用的透支額計算，特別適合短期投資或周轉之用不設最低還款額，利息只按每日已動用的透支額計算，特別適合短期投資或周轉之用不設最低還款額，利息只按每日已動用的透支額計算，特別適合短期投資或周轉之用不設最低還款額，利息只按每日已動用的透支額計算，特別適合短期投資或周轉之用不設最低還款額，利息只按每日已動用的透支額計算，特別適合短期投資或周轉之用不設最低還款額，利息只按每日已動用的透支額計算，特別適合短期投資或周轉之用不設最低還款額，利息只按每日已動用的透支額計算，特別適合短期投資或周轉之用不設最低還款額，利息只按每日已動用的透支額計算，特別適合短期投資或周轉之用||zh
Tax Season Loans|https://www.citibank.com.hk/form/ploan/pc_form/english/loans/loans-application-form.htm|http://admindev.compargo.com/assets/uploadimages/productImg/hk/citi-bank3.jpg|||15|Tax Loan|Citibank|FALSE|FALSE|FALSE|FALSE|||2000000||48|TRUE|||||||||1||4|||100|||4|3||||TRUE|HK$ 300 Cash coupon ||APR as low as 1.99%|Loan amount up to 12x your salary|Repayment term up to 48 months|en
稅季貸款|https://www.citibank.com.hk/form/ploan/pc_form/chinese/loans/loans-application-form.htm|http://admindev.compargo.com/assets/uploadimages/productImg/hk/citi-bank3.jpg|||38|Tax Loan|花旗銀行|FALSE|FALSE|FALSE|FALSE|||2000000||48|TRUE|||||||||1||4|||100|||4|3||||TRUE|現金券||實際年利率低至1.99%實際年利率低至1.99%實際年利率低至1.99%實際年利率低至1.99%實際年利率低至1.99%實際年利率低至1.99%實際年利率低至1.99%實際年利率低至1.99%實際年利率低至1.99%|貸款額到達月薪12倍貸款額到達月薪12倍貸款額到達月薪12倍貸款額到達月薪12倍貸款額到達月薪12倍貸款額到達月薪12倍貸款額到達月薪12倍貸款額到達月薪12倍貸款額到達月薪12倍|還款期長達48個月還款期長達48個月還款期長達48個月還款期長達48個月還款期長達48個月還款期長達48個月還款期長達48個月還款期長達48個月還款期長達48個月|zh
Card Debt Consolidation Loan|http://www.citibank.com.hk/HKGCB/apfa/hkgcb/perloan/Index.do?source_code=CL258&intcmp=E-LN-SCASH-WA-TBNAP&locale=en_HK|http://admindev.compargo.com/assets/uploadimages/productImg/hk/citi-bank.jpg|||15|Debt Consolidation|Citibank|FALSE|TRUE|FALSE|FALSE|||800000||60|FALSE|||||||||1||4|||100|||4|3||||TRUE|HK$ 300 Cash coupon |30-11-2014|Monthly repayment may decrease by 59%|Loan amount up to 21x your salary|Repayment term up to 60 months|en
卡數結餘轉戶|https://www.citibank.com.hk/form/ploan/pc_form/english/loans/loans-application-form.htm|http://admindev.compargo.com/assets/uploadimages/productImg/hk/citi-bank.jpg|||38|Debt Consolidation|花旗銀行|FALSE|TRUE|FALSE|FALSE|||800000||60|FALSE|||||||||1||4|||100|||4|3||||TRUE|現金券|30-11-2014|每月還款額可下降59%每月還款額可下降59%每月還款額可下降59%每月還款額可下降59%每月還款額可下降59%每月還款額可下降59%每月還款額可下降59%每月還款額可下降59%每月還款額可下降59%|還款額讀高達月薪21倍還款額讀高達月薪21倍還款額讀高達月薪21倍還款額讀高達月薪21倍還款額讀高達月薪21倍還款額讀高達月薪21倍還款額讀高達月薪21倍還款額讀高達月薪21倍還款額讀高達月薪21倍|還款期長達60個月還款期長達60個月還款期長達60個月還款期長達60個月還款期長達60個月還款期長達60個月還款期長達60個月還款期長達60個月還款期長達60個月|zh
Speedy Cash|http://www.citibank.com.hk/HKGCB/apfa/hkgcb/perloan/Index.do?source_code=CL258&intcmp=E-LN-SCASH-WA-TBNAP&locale=en_HK|http://admindev.compargo.com/assets/uploadimages/productImg/hk/citi-bank.jpg|||15|Personal Instalment Loan|Citibank|TRUE|FALSE|FALSE|FALSE|||2000000||48|FALSE|||||||||1||4|||100|||4|3||||TRUE|HK$ 300 Cash coupon |30-11-2014|Monthly flat rate as low as 0.14%|Loan amount up to 12x your salary|Repayment term up to 48 months|en
特快現金|https://www.citibank.com.hk/form/ploan/pc_form/chinese/loans/loans-application-form.htm|http://admindev.compargo.com/assets/uploadimages/productImg/hk/citi-bank.jpg|||38|Personal Instalment Loan|花旗銀行|TRUE|FALSE|FALSE|FALSE|||2000000||48|FALSE|||||||||1||4|||100|||4|3||||TRUE|現金券|30-11-2014|月平息低至0.14%月平息低至0.14%月平息低至0.14%月平息低至0.14%月平息低至0.14%月平息低至0.14%月平息低至0.14%月平息低至0.14%月平息低至0.14%|貸款額到達月薪12倍貸款額到達月薪12倍貸款額到達月薪12倍貸款額到達月薪12倍貸款額到達月薪12倍貸款額到達月薪12倍貸款額到達月薪12倍貸款額到達月薪12倍貸款額到達月薪12倍|還款期長達48個月還款期長達48個月還款期長達48個月還款期長達48個月還款期長達48個月還款期長達48個月還款期長達48個月還款期長達48個月還款期長達48個月|zh
Ready Credit|https://www.citibank.com.hk/HKGCB/ICARD/appnew/getApplyNow.do?s=REA_CRE&p=100&locale=en_HK|http://admindev.compargo.com/assets/uploadimages/productImg/hk/citi-bank1.jpg|||15|Personal Credit Line|Citibank|FALSE|FALSE|TRUE|FALSE|||500000|||FALSE||||||1|300|1000|||||||||1|5||100|200|TRUE|1st Year Annual Fee Waiver|NA|No withdrawal fees|Credit limit up to 3 times of monthly salary||en
靈活錢|https://www.citibank.com.hk/HKGCB/ICARD/appnew/showNext.do|http://admindev.compargo.com/assets/uploadimages/productImg/hk/citi-bank1.jpg|||38|Personal Credit Line|花旗銀行|FALSE|FALSE|TRUE|FALSE|||500000|||FALSE||||||1|300|1000|||||||||1|5||100|200|TRUE|首年年費全额豁免|NA|免提款手續費|信貸額高達月薪3倍||zh
e-Cash Installment Loan|https://www.dahsing.com/eform/loan/pl_app2_e.html?param_5=e-Cash%20Instalment%20Loan_%E6%98%93%E5%80%9F%E5%88%86%E6%9C%9F%E3%80%8C%E5%BF%AB%E6%87%89%E9%8C%A2%E3%80%8D|http://admindev.compargo.com/assets/uploadimages/productImg/hk/dah-sing-bank1.jpeg|||16|Personal Instalment Loan|Dah Sing Bank|TRUE|FALSE|FALSE|FALSE|Cash Rewards HK$ 100 & Lucky draw||200000||72|FALSE||||||1|300|1000|3|55|3||2.5||500||2|5||400||TRUE|Up to two months interest or up to HK$5,000 Cash Rebate|31-12-2013|Loan amount up to HK$200,000 or 6 times of monthly salary|Welcome application of part-time, freelancer, with cash or heque income|Daily interest is approximately HK$2.7 only for HK$10000 loan|en
易借「快應錢」|https://www.dahsing.com/eform/loan/pl_app2_c.html?param_5=e-Cash%20Instalment%20Loan_%E6%98%93%E5%80%9F%E5%88%86%E6%9C%9F%E3%80%8C%E5%BF%AB%E6%87%89%E9%8C%A2%E3%80%8D|http://admindev.compargo.com/assets/uploadimages/productImg/hk/dah-sing-bank1.jpeg|||37|Personal Instalment Loan|大新銀行|TRUE|FALSE|FALSE|FALSE|網上成功申請可獲額外HK$100現金獎賞||200000||72|FALSE||||||1|300|1000|3|55|3||2.5||500||2|5||400||TRUE|高達2個月利息或高達HK$5,000現金回贈優惠|31-12-2013|貸款額高達HK$200,000或6倍月薪貸款額高達HK$200,000或6倍月薪貸款額高達HK$200,000或6倍月薪貸款額高達HK$200,000或6倍月薪貸款額高達HK$200,000或6倍月薪貸款額高達HK$200,000或6倍月薪貸款額高達HK$200,000或6倍月薪貸款額高達HK$200,000或6倍月薪|一張簡單入息證明就借！無論兼職、散工，現金、支票出糧都借到|借HK$10,000每日利息只需約HK$2.7借HK$10,000每日利息只需約HK$2.7借HK$10,000每日利息只需約HK$2.7借HK$10,000每日利息只需約HK$2.7借HK$10,000每日利息只需約HK$2.7借HK$10,000每日利息只需約HK$2.7借HK$10,000每日利息只需約HK$2.7借HK$10,000每日利息只需約HK$2.7|zh
e-Cash Revolving Loan|https://www.dahsing.com/eform/loan/pl_app2_e.html?param_5=e-Cash%20Instalment%20Loan_%E6%98%93%E5%80%9F%E5%88%86%E6%9C%9F%E3%80%8C%E5%BF%AB%E6%87%89%E9%8C%A2%E3%80%8D|http://admindev.compargo.com/assets/uploadimages/productImg/hk/dah-sing-bank2.jpeg|||16|Personal Credit Line|Dah Sing Bank|FALSE|FALSE|TRUE|FALSE|Cash Rewards HK$ 100||200000|||FALSE||||50|3.5|1|300|1000|3|55|||||||1|8||100|200|TRUE|HK$5,000 cash rebate|31-12-2013|First 3 months introductory Annualised Percentage Rate as low as 7.10%|The Annual fee for the first year will be waiver|loan amount up to HK$200,000 or 6 times of monthly salary|en
e-Cash循環「快應錢」|https://www.dahsing.com/eform/loan/pl_app2_c.html?param_5=e-Cash%20Instalment%20Loan_%E6%98%93%E5%80%9F%E5%88%86%E6%9C%9F%E3%80%8C%E5%BF%AB%E6%87%89%E9%8C%A2%E3%80%8D|http://admindev.compargo.com/assets/uploadimages/productImg/hk/dah-sing-bank2.jpeg|||37|Personal Credit Line|大新銀行|FALSE|FALSE|TRUE|FALSE|額外HK$100現金獎賞額外HK$100現金獎賞額外HK$100現金獎賞額外HK$100現金獎賞額外HK$100現金獎賞額外HK$100現金獎賞額外HK$100現金獎賞額外HK$100現金獎賞||200000|||FALSE||||50|3.5|1|300|1000|3|55|||||||1|8||100|200|TRUE|HK$5,000現金回贈|31-12-2013|首3個月實際年利率低至7.10%|成功申請免首年年費|貸款額高達HK$200,000或6倍月薪貸款額高達HK$200,000或6倍月薪貸款額高達HK$200,000或6倍月薪貸款額高達HK$200,000或6倍月薪貸款額高達HK$200,000或6倍月薪貸款額高達HK$200,000或6倍月薪貸款額高達HK$200,000或6倍月薪貸款額高達HK$200,000或6倍月薪|zh
Credit Mastermind Instalment Loan|https://www.dahsing.com/eform/loan/pl_app2_e.html?param_5=Credit%20Mastermind%20Instalment%20Loan_%E6%B8%85%E5%8D%A1%E6%95%B8%E3%80%8C%E5%BF%AB%E6%87%89%E9%8C%A2%E3%80%8D|http://admindev.compargo.com/assets/uploadimages/productImg/hk/dah-sing-bank.jpeg|||16|Debt Consolidation|Dah Sing Bank|FALSE|TRUE|FALSE|FALSE|Cash Rewards HK$ 100 & Lucky draw||1200000||72|FALSE|||||||||1.1||3||3.5||500||2|5||400||TRUE|HK$1,000 Cash Rebate, as low as 0.16% Monthly Flat Rate, Online Application Offer and Joint Application Gift|28-02-2014|Loan amount up to 23 times of monthly income or HK$1,200,000 |Repayment tenor up to 100 months for selected clients|Cash out up to 6 times of monthly income for your instant use|en
清卡數「快應錢」|https://www.dahsing.com/eform/loan/pl_app2_c.html?param_5=Credit%20Mastermind%20Instalment%20Loan_%E6%B8%85%E5%8D%A1%E6%95%B8%E3%80%8C%E5%BF%AB%E6%87%89%E9%8C%A2%E3%80%8D|http://admindev.compargo.com/assets/uploadimages/productImg/hk/dah-sing-bank.jpeg|||37|Debt Consolidation|大新銀行|FALSE|TRUE|FALSE|FALSE|額外HK$100現金獎賞額外HK$100現金獎賞額外HK$100現金獎賞額外HK$100現金獎賞額外HK$100現金獎賞額外HK$100現金獎賞額外HK$100現金獎賞額外HK$100現金獎賞||1200000||72|FALSE|||||||||1.1||3||3.5||500||2|5||400||TRUE|HK$1,000現金獎賞、每月平息低至0.16%優惠、網上申請優惠及二人同行獎賞|28-02-2014|貸款額高達月薪23倍或HK$1,200,000|特選客戶還款期長達100個月特選客戶還款期長達100個月特選客戶還款期長達100個月特選客戶還款期長達100個月特選客戶還款期長達100個月特選客戶還款期長達100個月特選客戶還款期長達100個月特選客戶還款期長達100個月|高達月薪6倍現金入袋，幫你即時現金周轉高達月薪6倍現金入袋，幫你即時現金周轉高達月薪6倍現金入袋，幫你即時現金周轉高達月薪6倍現金入袋，幫你即時現金周轉高達月薪6倍現金入袋，幫你即時現金周轉高達月薪6倍現金入袋，幫你即時現金周轉高達月薪6倍現金入袋，幫你即時現金周轉高達月薪6倍現金入袋，幫你即時現金周轉|zh
In-Money Revolving Loan|https://www.dahsing.com/eform/loan/pl_app2_e.html?param_5=In-Money_%E5%BE%AA%E7%92%B0%E3%80%8C%E5%BF%AB%E6%87%89%E9%8C%A2%E3%80%8D|http://admindev.compargo.com/assets/uploadimages/productImg/hk/dah-sing-bank5.jpeg|||16|Personal Credit Line|Dah Sing Bank|FALSE|FALSE|TRUE|FALSE|HK$50 Cash Bonus||1000000|||FALSE||||50|3.5|1|300|1000|3|55|||||||1|8||100|200|TRUE|Preferred Customers enjoy first 3 months introductory interest rate 3.8% p.a.|31-12-2013|Offering you a cash card with Octopus function and 2.5% cash rebate on every AAVS transaction |Up to HK$1,000,000 or 10 times of your monthly salary|Preferred Customers enjoy first 3 months introductory interest rate 3.8% p.a.|en
In-Money 循環「快應錢」|https://www.dahsing.com/eform/loan/pl_app2_c.html?param_5=In-Money_%E5%BE%AA%E7%92%B0%E3%80%8C%E5%BF%AB%E6%87%89%E9%8C%A2%E3%80%8D|http://admindev.compargo.com/assets/uploadimages/productImg/hk/dah-sing-bank5.jpeg|||37|Personal Credit Line|大新銀行|FALSE|FALSE|TRUE|FALSE|額外HK$50現金獎賞額外HK$50現金獎賞額外HK$50現金獎賞額外HK$50現金獎賞額外HK$50現金獎賞額外HK$50現金獎賞額外HK$50現金獎賞額外HK$50現金獎賞||1000000|||FALSE||||50|3.5|1|300|1000|3|55|||||||1|8||100|200|TRUE|特惠客戶可享首3個月年息0%特惠客戶可享首3個月年息0%特惠客戶可享首3個月年息0%特惠客戶可享首3個月年息0%特惠客戶可享首3個月年息0%特惠客戶可享首3個月年息0%特惠客戶可享首3個月年息0%特惠客戶可享首3個月年息0%|31-12-2013|有八達通功能之現金卡，等您借得、嘟得，兼享2.5%現金回贈|貸款額高達HK$1,000,000或月薪10倍|特惠客戶可享首3個月年息0%特惠客戶可享首3個月年息0%特惠客戶可享首3個月年息0%特惠客戶可享首3個月年息0%特惠客戶可享首3個月年息0%特惠客戶可享首3個月年息0%特惠客戶可享首3個月年息0%特惠客戶可享首3個月年息0%|zh
Express Money|https://www.dahsing.com/eform/loan/pl_app_e.html?param_5=Express%20Money_%E5%88%86%E6%9C%9F%E3%80%8C%E5%BF%AB%E6%87%89%E9%8C%A2%E3%80%8D|http://admindev.compargo.com/assets/uploadimages/productImg/hk/dah-sing-bank3.jpeg|||16|Personal Instalment Loan|Dah Sing Bank|TRUE|FALSE|FALSE|FALSE|Extra HK$50 cash reward||1000000||72|FALSE||||||1|300|1000|3|55|3||2.5||500||1|8||100|200|TRUE|as low as 2.99% annualized percentage rate ("APR"), up to HK$2,800 cash rebate, HK$100 Cash Reward|28-02-2014|Loan amount up to HK$1,000,000 or 10X monthly income|New job starters may apply simply by providing an employment letter or employment contract|Repayment tenor up to 72 months, allow you to repay at ease|en
分期「快應錢」|https://www.dahsing.com/eform/loan/pl_app2_c.html?param_5=Express%20Money_%E5%88%86%E6%9C%9F%E3%80%8C%E5%BF%AB%E6%87%89%E9%8C%A2%E3%80%8D|http://admindev.compargo.com/assets/uploadimages/productImg/hk/dah-sing-bank3.jpeg|||37|Personal Instalment Loan|大新銀行|TRUE|FALSE|FALSE|FALSE|額外HK$50現金獎賞額外HK$50現金獎賞額外HK$50現金獎賞額外HK$50現金獎賞額外HK$50現金獎賞額外HK$50現金獎賞額外HK$50現金獎賞額外HK$50現金獎賞||1000000||72|FALSE||||||1|300|1000|3|55|3||2.5||500||1|8||100|200|TRUE|實際年利率低至2.99%，現金回贈高達HK$2,800，HK$100現金獎賞實際年利率低至2.99%，現金回贈高達HK$2,800，HK$100現金獎賞實際年利率低至2.99%，現金回贈高達HK$2,800，HK$100現金獎賞實際年利率低至2.99%，現金回贈高達HK$2,800，HK$100現金獎賞實際年利率低至2.99%，現金回贈高達HK$2,800，HK$100現金獎賞實際年利率低至2.99%，現金回贈高達HK$2,800，HK$100現金獎賞實際年利率低至2.99%，現金回贈高達HK$2,800，HK$100現金獎賞實際年利率低至2.99%，現金回贈高達HK$2,800，HK$100現金獎賞|28-02-2014|貸款額高達HK$1,000,000或10倍月薪|新入職人士只需提供公司入職信或僱員合約即可申請|還款期長達72個月|zh
FlexiMoney Overdraft Facility|https://www.dahsing.com/eform/loan/pl_app2_e.html?param_5=Flexi-Money_%E5%82%99%E7%94%A8%E3%80%8C%E5%BF%AB%E6%87%89%E9%8C%A2%E3%80%8D|http://admindev.compargo.com/assets/uploadimages/productImg/hk/dah-sing-bank4.jpeg|||16|Personal Credit Line|Dah Sing Bank|FALSE|FALSE|TRUE|FALSE|||1000000|||FALSE||||50|3.5|1|300|1000|||||||||1|8||100|200|FALSE|||Maximum standby credit limit up to HK$1,000,000 or 8 times monthly salary|Interest rate as low as P + 1% p.a. |Perpetual Cash Withdrawal Fee Waiver|en
備用「快應錢」|https://www.dahsing.com/eform/loan/pl_app2_c.html?param_5=Flexi-Money_%E5%82%99%E7%94%A8%E3%80%8C%E5%BF%AB%E6%87%89%E9%8C%A2%E3%80%8D|http://admindev.compargo.com/assets/uploadimages/productImg/hk/dah-sing-bank4.jpeg|||37|Personal Credit Line|大新銀行|FALSE|FALSE|TRUE|FALSE|||1000000|||FALSE||||50|3.5|1|300|1000|||||||||1|8||100|200|FALSE|||透支額高達HK$1,000,000或8倍月薪2 |年息低至P+1%|永久豁免提款手續費|zh
Debt Consolidation Program|https://hk.dbs.com/ecPortalWeb/Loans/debtcon/eng/form02.aspx?cid=dbsweb_y|http://admindev.compargo.com/assets/uploadimages/productImg/hk/dbs-bank1.png|||17|Debt Consolidation|DBS|FALSE|TRUE|FALSE|FALSE|||800000||72|FALSE|||||||||1.5||2||1.5||||3|3|300|||FALSE|||Loan amount up to 18Xmonthly salaryLoan amount up to 18X|Instalment period up to 72 monthsInstalment period up to|Monthly flat rate as low as 0.04%Monthly flat rate as|en
貸易清私人貸款|https://hk.dbs.com/ecPortalWeb/Loans/debtcon/chi/form02.aspx?cid=dbsweb|http://admindev.compargo.com/assets/uploadimages/productImg/hk/dbs-bank1.png|||36|Debt Consolidation|星展銀行|FALSE|TRUE|FALSE|FALSE|||800000||72|FALSE|||||||||1.5||2||1.5||||3|3|300|||FALSE|||貸款額高達HK$800,000或月薪 18 倍|還款期長達72個月|每月平息低至0.04%|zh
Personal Installment Loan|https://hk.dbs.com/ecPortalWeb/Loans/personal/eng/form02.aspx?cid=dbsweb_y|http://admindev.compargo.com/assets/uploadimages/productImg/hk/dbs-bank3.png|||17|Personal Instalment Loan|DBS|TRUE|FALSE|FALSE|FALSE|||700000||60|FALSE|||||||||1.5||2||1.5||||3|3|300|||FALSE|||Monthly flat rate as low as 0.05%Monthly flat rate as low as |Loan amount up to 8x monthly salaryLoan amount up to 8x |Anytime redraw your repaid principalAnytime redraw your |en
定額私人貸款|https://hk.dbs.com/ecPortalWeb/Loans/personal/chi/form02.aspx?cid=dbsweb|http://admindev.compargo.com/assets/uploadimages/productImg/hk/dbs-bank3.png|||36|Personal Instalment Loan|星展銀行|TRUE|FALSE|FALSE|FALSE|||700000||60|FALSE|||||||||1.5||2||1.5||||3|3|300|||FALSE|||每月平息低至0.05%|貸款額高達月薪8倍|可提用已償還貸款額|zh
Express Loan|https://hk.dbs.com/ecPortalWeb/Loans/express/eng/form02.aspx?cid=dbsweb_y|http://admindev.compargo.com/assets/uploadimages/productImg/hk/dbs-bank2.png|||17|Personal Instalment Loan|DBS|TRUE|FALSE|FALSE|FALSE|||200000||36|FALSE|||||||||1||2||1.5||||3|3|300|||FALSE|||Accepts all kinds occupations salary proofsAccepts all kinds |20 minutesQuick Cash in| HK$200,000Loan amount up to|en
特快私人貸款|https://hk.dbs.com/ecPortalWeb/Loans/express/chi/form02.aspx?cid=dbsweb|http://admindev.compargo.com/assets/uploadimages/productImg/hk/dbs-bank2.png|||36|Personal Instalment Loan|星展銀行|TRUE|FALSE|FALSE|FALSE|||200000||36|FALSE|||||||||1||2||1.5||||3|3|300|||FALSE|||接受任何形式的糧單|20分鐘貸款到手|貸款額高達 HK$200,000|zh
Cashline Revolving Loan|https://hk.dbs.com/ecPortalWeb/Loans/cashline/eng/form02.aspx?cid=dbsweb|http://admindev.compargo.com/assets/uploadimages/productImg/hk/dbs-bank.png|||17|Personal Credit Line|DBS|FALSE|FALSE|TRUE|FALSE|||350000|||FALSE||||100|2.5|1.5|200||||||||||1|5||150|250|FALSE|||No handling fee|No fixed repayment period|Preferential interest rate as low as P-2.5%Preferential interest rate |en
Cashline循環貸款|https://hk.dbs.com/ecPortalWeb/Loans/cashline/chi/form02.aspx?cid=dbsweb|http://admindev.compargo.com/assets/uploadimages/productImg/hk/dbs-bank.png|||36|Personal Credit Line|星展銀行|FALSE|FALSE|TRUE|FALSE|||350000|||FALSE||||100|2.5|1.5|200||||||||||1|5||150|250|FALSE|||絕無提款手續費|不設特定還款期限|年息低至 P-2.5%|zh
Tax Loan|http://www.fubonbank.com.hk/web/doc/ln_taxyoct13_e.pdf|http://admindev.compargo.com/assets/uploadimages/productImg/hk/fubon-bank.gif|||18|Tax Loan|Fubon Bank|FALSE|FALSE|FALSE|FALSE|||1000000||48|FALSE|||||||||1.3||3||2||1000||4|2.5||||TRUE|interest rebate up to 9 months.|30-11-2013|APR as low as 2.42%|Loan amount up to 8 times of monthly salary or a maximum of HK$1,000,000 | Tenor up to 48 months for selection|en
稅務貸款|http://www.fubonbank.com.hk/web/doc/ln_taxyoct13_c.pdf|http://admindev.compargo.com/assets/uploadimages/productImg/hk/fubon-bank.gif|||35|Tax Loan|富邦銀行|FALSE|FALSE|FALSE|FALSE|||1000000||48|FALSE|||||||||1.3||3||2||1000||4|2.5||||TRUE|高達9個月利息回贈高達9個月利息回贈高達9個月利息回贈高達9個月利息回贈高達9個月利息回贈高達9個月利息回贈高達9個月利息回贈|30-11-2013|實際年利率低至2.42%|貸款額最高可達月薪8倍或HK$1,000,000|還款期長達48個月還款期長達48個月還款期長達48個月還款期長達48個月還款期長達48個月還款期長達48個月還款期長達48個月|zh
"Perfect Fit" Personal Loan|http://www.fubonbank.com.hk/web/doc/ln_rap_e.pdf|http://admindev.compargo.com/assets/uploadimages/productImg/hk/fubon-bank.gif|||18|Personal Instalment Loan|Fubon Bank|TRUE|FALSE|FALSE|FALSE|||800000||72|FALSE|||||||||1.2||3||2||500||4|2.5||||FALSE|||Loan amount up to 12 times of monthly salary or a maximum of HK$800,000 |Tenor up to 72 months||en
「合您意」私人貸款|http://www.fubonbank.com.hk/web/doc/ln_rap_c.pdf|http://admindev.compargo.com/assets/uploadimages/productImg/hk/fubon-bank.gif|||35|Personal Instalment Loan|富邦銀行|TRUE|FALSE|FALSE|FALSE|||800000||72|FALSE|||||||||1.2||3||2||500||4|2.5||||FALSE|||貸款額高達月薪12倍或HK$800,000貸款額高達月薪12倍或HK$800,000貸款額高達月薪12倍或HK$800,000貸款額高達月薪12倍或HK$800,000貸款額高達月薪12倍或HK$800,000貸款額高達月薪12倍或HK$800,000貸款額高達月薪12倍或HK$800,000| 還款期長達72個月 還款期長達72個月 還款期長達72個月 還款期長達72個月 還款期長達72個月 還款期長達72個月 還款期長達72個月||zh
 Balance Transfer Personal Loan|http://www.fubonbank.com.hk/web/doc/ln_bt_e.pdf|http://admindev.compargo.com/assets/uploadimages/productImg/hk/fubon-bank.gif|||18|Debt Consolidation|Fubon Bank|FALSE|TRUE|FALSE|FALSE|||1000000||72|FALSE|||||||||1.2||3||2||500||4|2.5||||FALSE|||Loan amount up to 21 times of monthly salary or HK$1,000,000 |Tenor up to 72 months for your selection||en
 「卡數清」私人貸款 「卡數清」私人貸款 「卡數清」私人貸款 「卡數清」私人貸款 「卡數清」私人貸款 「卡數清」私人貸款 「卡數清」私人貸款|http://www.fubonbank.com.hk/web/doc/ln_bt_c.pdf|http://admindev.compargo.com/assets/uploadimages/productImg/hk/fubon-bank.gif|||35|Debt Consolidation|富邦銀行|FALSE|TRUE|FALSE|FALSE|||1000000||72|FALSE|||||||||1.2||3||2||500||4|2.5||||FALSE|||貸款額最高可達月薪21倍或HK$1,000,000 |還款期更可長達72個月還款期更可長達72個月還款期更可長達72個月還款期更可長達72個月還款期更可長達72個月還款期更可長達72個月還款期更可長達72個月||zh
Wedding Loan|http://www.fubonbank.com.hk/web/doc/ln_wd_e.pdf|http://admindev.compargo.com/assets/uploadimages/productImg/hk/fubon-bank.gif|||18|Personal Instalment Loan|Fubon Bank|TRUE|FALSE|FALSE|FALSE|||800000||60|FALSE|||||||||1.2||3||2||500||4|2.5||||FALSE|||Loan amount up to 12 times your monthly salary or a maximum of HK$800,000 Loan amount up to 12 times your monthly salary or |No handling fee||en
「好事近」私人貸款|http://www.fubonbank.com.hk/web/doc/ln_wd_c.pdf|http://admindev.compargo.com/assets/uploadimages/productImg/hk/fubon-bank.gif|||35|Personal Instalment Loan|富邦銀行|TRUE|FALSE|FALSE|FALSE|||800000||60|FALSE|||||||||1.2||3||2||500||4|2.5||||FALSE|||貸款額最高可達月薪12倍或HK$800,000|毋須手續費毋須手續費毋須手續費毋須手續費毋須手續費毋須手續費毋須手續費||zh
Unsecured Overdraft Facility|https://bank.hangseng.com/1/2/personal/loans/online-application/unsecured-overdraft-application|http://admindev.compargo.com/assets/uploadimages/productImg/hk/hang-seng-bank4.jpg|||19|Personal Credit Line|Hang Seng Bank|FALSE|FALSE|TRUE|FALSE|||600000|||TRUE||||100|3|1|200|800||||||||||||||FALSE|||First year Annual fee waiver|High unsecured overdraft limit up to HK$600,000 or 8 times your monthly salary|Interest will be charged only on the outstanding amount on a daily basis and the interest rate per annum can be as low as Prime Rate + 4%.|en
信 用 透 支 服 務|https://bank.hangseng.com/1/2/chi/personal/loans/online-application/unsecured-overdraft-application|http://admindev.compargo.com/assets/uploadimages/productImg/hk/hang-seng-bank4.jpg|||34|Personal Credit Line|恒生銀行|FALSE|FALSE|TRUE|FALSE|||600000|||TRUE||||100|3|1|200|800||||||||||||||FALSE|||豁免首年年費豁免首年年費豁免首年年費豁免首年年費豁免首年年費豁免首年年費豁免首年年費|特高透支額可高達HK$600,000或月薪8倍|利息只按每日已動用之透支額計算,年利率更可低至最優惠利率+4% 。利息只按每日已動用之透支額計算,年利率更可低至最優惠利率+4% 。利息只按每日已動用之透支額計算,年利率更可低至最優惠利率+4% 。利息只按每日已動用之透支額計算,年利率更可低至最優惠利率+4% 。利息只按每日已動用之透支額計算,年利率更可低至最優惠利率+4% 。利息只按每日已動用之透支額計算,年利率更可低至最優惠利率+4% 。利息只按每日已動用之透支額計算,年利率更可低至最優惠利率+4% 。|zh
Handy Cash Personal Installment Loan|https://bank.hangseng.com/1/2/personal/loans/online-application/instalment-loan-application|http://admindev.compargo.com/assets/uploadimages/productImg/hk/hang-seng-bank1.jpg|||19|Personal Instalment Loan|Hang Seng Bank|TRUE|FALSE|FALSE|FALSE|||800000||60|TRUE|||||||||||3||2||300||3|2.25|300|||TRUE| monthly flat rate as low as 0.16% & handling fee waiver|31/10/2013|Loan amount up to HK$800,000 or 8 times your monthly salary |Flexible repayment periods up to 60 months| Monthly flat rate as low as 0.16% & handling fee waiver|en
「 易 得 錢 」 私 人 分 期 貸 款|https://bank.hangseng.com/1/2/chi/personal/loans/online-application/unsecured-overdraft-application|http://admindev.compargo.com/assets/uploadimages/productImg/hk/hang-seng-bank1.jpg|||34|Personal Instalment Loan|恒生銀行|TRUE|FALSE|FALSE|FALSE|||800000||60|TRUE|||||||||||3||2||300||3|2.25|300|||TRUE|每 月 平 息 低 至 0.16%及 豁 免 全 期 手 續 費每 月 平 息 低 至 0.16%及 豁 免 全 期 手 續 費每 月 平 息 低 至 0.16%及 豁 免 全 期 手 續 費每 月 平 息 低 至 0.16%及 豁 免 全 期 手 續 費每 月 平 息 低 至 0.16%及 豁 免 全 期 手 續 費每 月 平 息 低 至 0.16%及 豁 免 全 期 手 續 費每 月 平 息 低 至 0.16%及 豁 免 全 期 手 續 費|31/10/2013|貸款額高達HK$800,000或月薪8倍貸款額高達HK$800,000或月薪8倍貸款額高達HK$800,000或月薪8倍貸款額高達HK$800,000或月薪8倍貸款額高達HK$800,000或月薪8倍貸款額高達HK$800,000或月薪8倍貸款額高達HK$800,000或月薪8倍|還款期長達60個月還款期長達60個月還款期長達60個月還款期長達60個月還款期長達60個月還款期長達60個月還款期長達60個月|每月平息低至0.16%及豁免全期手續費每月平息低至0.16%及豁免全期手續費每月平息低至0.16%及豁免全期手續費每月平息低至0.16%及豁免全期手續費每月平息低至0.16%及豁免全期手續費每月平息低至0.16%及豁免全期手續費每月平息低至0.16%及豁免全期手續費|zh
Handy Cash Personal Revolving Loan|https://bank.hangseng.com/1/2/chi/personal/loans/online-application/revolving-loan-application|http://admindev.compargo.com/assets/uploadimages/productImg/hk/hang-seng-bank2.jpg|||19|Personal Credit Line|Hang Seng Bank|FALSE|FALSE|TRUE|FALSE|||600000|||TRUE||||200|1||||2|50|||||||4|5||||FALSE|||First year Annual fee waiver|Interest rate of as low as 8% p.a.|Loan amount of up to HK$600,000 or 8 times your monthly salary|en
「 易 得 錢 」 私 人 循 環 貸 款|https://bank.hangseng.com/1/2/personal/loans/online-application/revolving-loan-application|http://admindev.compargo.com/assets/uploadimages/productImg/hk/hang-seng-bank2.jpg|||34|Personal Credit Line|恒生銀行|FALSE|FALSE|TRUE|FALSE|||600000|||TRUE||||200|1||||2|50|||||||4|5||||FALSE|||豁免首年年費|年息低至8%年息低至8%年息低至8%年息低至8%年息低至8%年息低至8%|貸款額高達HK$600,000或月薪8倍貸款額高達HK$600,000或月薪8倍貸款額高達HK$600,000或月薪8倍貸款額高達HK$600,000或月薪8倍貸款額高達HK$600,000或月薪8倍貸款額高達HK$600,000或月薪8倍|zh
"Self-fulfilment" Interest-free Instalment Plan|https://bank.hangseng.com/1/2/personal/loans/online-application/interest-free-instalment-application|http://admindev.compargo.com/assets/uploadimages/productImg/hk/hang-seng-bank.jpg|||19|Personal Instalment Loan|Hang Seng Bank|TRUE|FALSE|FALSE|FALSE|||800000||48|TRUE|||||||||||3||2||300||3|2.25|300|||FALSE|||Interest wavier throughout the tenor and the monthly handling fee is as low as HK$19|Loan amount of up to HK$800,000 or six times of your monthly salary .|Flexible repayment period of 12 to 48 months|en
「 至 理 想 」 "0" 息 分 期|https://bank.hangseng.com/1/2/chi/personal/loans/interest-free-instalment|http://admindev.compargo.com/assets/uploadimages/productImg/hk/hang-seng-bank.jpg|||34|Personal Instalment Loan|恒生銀行|TRUE|FALSE|FALSE|FALSE|||800000||48|TRUE|||||||||||3||2||300||3|2.25|300|||FALSE|||全期免息，每月手續費低至HK$19全期免息，每月手續費低至HK$19全期免息，每月手續費低至HK$19全期免息，每月手續費低至HK$19全期免息，每月手續費低至HK$19全期免息，每月手續費低至HK$19|貸款額高達HK$800,000或月薪6倍貸款額高達HK$800,000或月薪6倍貸款額高達HK$800,000或月薪6倍貸款額高達HK$800,000或月薪6倍貸款額高達HK$800,000或月薪6倍貸款額高達HK$800,000或月薪6倍|12至48個月之還款期任擇12至48個月之還款期任擇12至48個月之還款期任擇12至48個月之還款期任擇12至48個月之還款期任擇12至48個月之還款期任擇|zh
Credit Counseling Loan|https://bank.hangseng.com/1/PA_1_2_S5/content/pws/personal/loans/pdfs/ccl_e.pdf|http://admindev.compargo.com/assets/uploadimages/productImg/hk/hang-seng-bank.jpg|||19|Debt Consolidation|Hang Seng Bank|FALSE|TRUE|FALSE|FALSE|||800000||60|TRUE|||||||||1||3||2||300||3|2.25|300|||FALSE|||Extra-large loan amount of up to 21 times of your monthly salary|Personalised interest rate to save more than 88% of interest expenses|Flexible repayment period of six to 60 months|en
超 大 碼 私 人 貸 款|https://bank.hangseng.com/1/PA_1_2_S5/content/pws/personal/loans/pdfs/zh_HK/ccl_c.pdf|http://admindev.compargo.com/assets/uploadimages/productImg/hk/hang-seng-bank.jpg|||34|Debt Consolidation|恒生銀行|FALSE|TRUE|FALSE|FALSE|||800000||60|TRUE|||||||||1||3||2||300||3|2.25|300|||FALSE|||超大碼貸款額，高達月薪21倍超大碼貸款額，高達月薪21倍超大碼貸款額，高達月薪21倍超大碼貸款額，高達月薪21倍超大碼貸款額，高達月薪21倍超大碼貸款額，高達月薪21倍|個人化利率，幫你節省利息超過88%個人化利率，幫你節省利息超過88%個人化利率，幫你節省利息超過88%個人化利率，幫你節省利息超過88%個人化利率，幫你節省利息超過88%個人化利率，幫你節省利息超過88%|提供6至60個月還款期任擇提供6至60個月還款期任擇提供6至60個月還款期任擇提供6至60個月還款期任擇提供6至60個月還款期任擇提供6至60個月還款期任擇|zh
Personal Installment Loan|https://www.ebanking.hsbc.com.hk/1/2/!ut/p/c5/04_SB8K8xLLM9MSSzPy8xBz9CP0os3gDd-NQv1BDg2AXA1-PEE9zIxNjAwgAykeaxTu7O3qYmPsA-WGergaeJk4mBqa-boYGnsYEdPt55Oem6gdXZcR7eOsX5EaUAwACknH_/dl3/d3/L0lHSkovd0RNQUZrQUVnQSEhL1lCZncvZW4!/|http://admindev.compargo.com/assets/uploadimages/productImg/hk/hsbc-bank4.jpeg|||20|Personal Instalment Loan|HSBC|TRUE|FALSE|FALSE|FALSE|||800000||48|TRUE|||||||||1||2||2||||2|2.25||400||TRUE|monthly flat rate as low as 0.15% and handling fee waiver|31-01-2014|Borrow a personal loan of up to HK$800,000 or 8 times your monthly salary, whichever is lower.|Benefit from great rates - the higher the personal loan, the lower the interest.|Enjoy a personal loan repayment schedule of 6 to 48 months according to your needs.|en
分期「萬應錢」|https://www.ebanking.hsbc.com.hk/1/2/!ut/p/c5/04_SB8K8xLLM9MSSzPy8xBz9CP0os3gDd-NQv1BDg2AXA1-PEE9zIxNjAwgAykeaxTu7O3qYmPsA-WGergaeJk4mBqa-boYGnsYEdAen5un7eeTnpuoX5EaUAwCv2bNG/dl3/d3/L0lHSkovd0RNQUprQUVnQSEhL1lCZncvemhfSEs!/|http://admindev.compargo.com/assets/uploadimages/productImg/hk/hsbc-bank4.jpeg|||33|Personal Instalment Loan|滙豐|TRUE|FALSE|FALSE|FALSE|||800000||48|TRUE|||||||||1||2||2||||2|2.25||400||TRUE|每月平息低至0.15%及豁免全期手續費|31-01-2014|私人貸款額可高達港幣800,000元或月薪8倍，以較低者為準私人貸款額可高達港幣800,000元或月薪8倍，以較低者為準私人貸款額可高達港幣800,000元或月薪8倍，以較低者為準私人貸款額可高達港幣800,000元或月薪8倍，以較低者為準私人貸款額可高達港幣800,000元或月薪8倍，以較低者為準私人貸款額可高達港幣800,000元或月薪8倍，以較低者為準|專享特低利率 - 私人貸款額越高，利率越低|還款期由6至48個月，讓您靈活配合自己的財務需要|zh
Personal Installment Loan Balance Consolidation|https://www.hsbc.com.hk/1/2/hk/loans/dcpil?WABFormEntryCommand=cmd_init|http://admindev.compargo.com/assets/uploadimages/productImg/hk/hsbc-bank.jpeg|||20|Debt Consolidation|HSBC|FALSE|TRUE|FALSE|FALSE|||1200000||72|TRUE|||||||||1||2||2||||2|2.25||400||TRUE|HK$300 Supermarket cash coupons|20-01-2014|Extra high loan amount of up to 21 times your monthly salary or as high as HK$1,200,000 |Enjoy a personal loan repayment schedule of 12 to 72 months according to your needs.|Extra flexibility to use part of your approved loan amount for settling outstanding balances on your selected credit cards or loan accounts|en
分期「萬應錢」結餘轉戶計劃|https://www.hsbc.com.hk/1/2/chinese/hk/loans/dcpil?WABFormEntryCommand=cmd_init|http://admindev.compargo.com/assets/uploadimages/productImg/hk/hsbc-bank.jpeg|||33|Debt Consolidation|滙豐|FALSE|TRUE|FALSE|FALSE|||1200000||72|TRUE|||||||||1||2||2||||2|2.25||400||TRUE|港币300元超级市场优惠券港币300元超级市场优惠券港币300元超级市场优惠券港币300元超级市场优惠券港币300元超级市场优惠券港币300元超级市场优惠券|20-01-2014|特大信貸額，貸款最高可達21倍月薪或港幣1,200,000元|特長還款期，特設12至72個月以供選擇|自由選擇將部份批核貸款用於結餘轉戶|zh
Revolving Credit Facilities|https://www.hsbc.com.hk/1/2/hk/loans/loans-application?WABFormEntryCommand=cmd_init|http://admindev.compargo.com/assets/uploadimages/productImg/hk/hsbc-bank3.jpeg|||20|Personal Credit Line|HSBC|FALSE|FALSE|TRUE|FALSE|||800000|||TRUE||||50|2.5|1||1000||||||||||||||TRUE|First 3 months 0% interest + first year annual fee waiver|31-01-2014|Borrow a revolving loan of up to HK$800,000 or 6 times your monthly salary, whichever is lower|Pay off as little as 2.5% of your outstanding revolving loan balance|No withdrawal or handling fees charged|en
循環「萬應錢」|https://www.hsbc.com.hk/1/2/chinese/hk/loans/loans-application?WABFormEntryCommand=cmd_init|http://admindev.compargo.com/assets/uploadimages/productImg/hk/hsbc-bank3.jpeg|||33|Personal Credit Line|滙豐|FALSE|FALSE|TRUE|FALSE|||800000|||TRUE||||50|2.5|1||1000||||||||||||||TRUE|First 3 months 0% interest + first year annual fee waiver|31-01-2014|信貸額可高達港幣800,000元或月薪 6 倍，以較低者為準|還款額僅為每月信貸結欠的2.5厘|無須繳付提款手續費，大大減低借貸成本|zh
Personal Overdraft|https://www.hsbc.com.hk/1/PA_esf-ca-app-content/content/hongkongpws/loan/pdf/p011.pdf|http://admindev.compargo.com/assets/uploadimages/productImg/hk/hsbc-bank1.jpeg|||20|Personal Credit Line|HSBC|FALSE|FALSE|TRUE|FALSE|||800000|||TRUE||||||1|200|700||||||||||||||FALSE|||Borrow a personal overdraft of up to HK$800,000 or 4 times your monthly salary, whichever is lower|Enjoy attractive pricing of HSBC's Best Lending Rate + 7%p.a.|No monthly repayment to allow maximum financial flexibility|en
「就手錢」私人透支戶口|https://www.hsbc.com.hk/1/PA_esf-ca-app-content/content/hongkongpws/loan/pdf/p011.pdf|http://admindev.compargo.com/assets/uploadimages/productImg/hk/hsbc-bank1.jpeg|||33|Personal Credit Line|滙豐|FALSE|FALSE|TRUE|FALSE|||800000|||TRUE||||||1|200|700||||||||||||||FALSE|||透支額可高達港幣800,000元或月薪4倍，以較低者為準|年息可低至匯豐最優惠利率+7厘|不設每月最低還款額，您可自行安排還款計劃，理財更具彈性|zh
Happy Loan - Personal Instalment Loan|http://www.icbcasia.com/eng/etool/forms/Ploan_application_form.pdf|http://admindev.compargo.com/assets/uploadimages/productImg/hk/icbc-bank2.png|||21|Personal Instalment Loan|ICBC Asia|TRUE|FALSE|FALSE|FALSE|||800000||72|FALSE|||||||||||2||1.5||||2|5||100||FALSE|||Flexible loan tenor up to 72 months for mortgage customers|Handling fee waiver||en
幸福貸款–私人分期貸款幸福貸款–私人分期貸款幸福貸款–私人分期貸款幸福貸款–私人分期貸款幸福貸款–私人分期貸款幸福貸款–私人分期貸款|http://www.icbcasia.com/big5/etool/forms/Ploan_application_form.pdf|http://admindev.compargo.com/assets/uploadimages/productImg/hk/icbc-bank2.png|||32|Personal Instalment Loan|工銀亞洲|TRUE|FALSE|FALSE|FALSE|||800000||72|FALSE|||||||||||2||1.5||||2|5||100||FALSE|||靈活還款期長達72個月靈活還款期長達72個月靈活還款期長達72個月靈活還款期長達72個月靈活還款期長達72個月靈活還款期長達72個月|豁免手續費豁免手續費豁免手續費豁免手續費豁免手續費豁免手續費||zh
Happy Loan - Personal Tax Loan|http://www.icbcasia.com/big5/etool/forms/Tax_application_form2013.pdf|http://admindev.compargo.com/assets/uploadimages/productImg/hk/icbc-bank1.png|||21|Tax Loan|ICBC Asia|FALSE|FALSE|FALSE|FALSE|||800000||24|FALSE|||||||||||2||1.5||||2|5||100||FALSE|||Handling fee waiver for entire repayment period|Loan amount up to HK$800,000 or 10 times of monthly salary ||en
幸福貸款–個人稅務貸款幸福貸款–個人稅務貸款幸福貸款–個人稅務貸款幸福貸款–個人稅務貸款幸福貸款–個人稅務貸款|http://www.icbcasia.com/big5/etool/forms/Tax_application_form2013.pdf|http://admindev.compargo.com/assets/uploadimages/productImg/hk/icbc-bank1.png|||32|Tax Loan|工銀亞洲|FALSE|FALSE|FALSE|FALSE|||800000||24|FALSE|||||||||||2||1.5||||2|5||100||FALSE|||豁免貸款全期手續費豁免貸款全期手續費豁免貸款全期手續費豁免貸款全期手續費豁免貸款全期手續費|貸款額高達HK$800,000或月薪10倍 ||zh
Happy Loan - "Balance Transfer" Personal Instalment Loan|http://www.icbcasia.com/big5/etool/forms/personal/AppFormBTPloan.pdf|http://admindev.compargo.com/assets/uploadimages/productImg/hk/icbc-bank3.png|||21|Debt Consolidation|ICBC Asia|FALSE|TRUE|FALSE|FALSE|||800000||72|FALSE|||||||||||2||1.5||||2|5||100||FALSE|||Handling fee waiver for entire repayment period|Loan amount up to HK$800,000 or 15 times of monthly salary ||en
幸福貸款–「結餘轉戶」私人分期貸款幸福貸款–「結餘轉戶」私人分期貸款幸福貸款–「結餘轉戶」私人分期貸款幸福貸款–「結餘轉戶」私人分期貸款幸福貸款–「結餘轉戶」私人分期貸款|http://www.icbcasia.com/big5/etool/forms/personal/AppFormBTPloan.pdf|http://admindev.compargo.com/assets/uploadimages/productImg/hk/icbc-bank3.png|||32|Debt Consolidation|工銀亞洲|FALSE|TRUE|FALSE|FALSE|||800000||72|FALSE|||||||||||2||1.5||||2|5||100||FALSE|||豁免貸款全期手續費豁免貸款全期手續費豁免貸款全期手續費豁免貸款全期手續費豁免貸款全期手續費|貸款額高達HK$800,000或月薪15倍||zh
Happy Loan -“Perfect Life” Personal Loan|http://www.icbcasia.com/big5/etool/forms/PerfectLifePLoan.pdf|http://admindev.compargo.com/assets/uploadimages/productImg/hk/icbc-bank.png|||21|Personal Instalment Loan|ICBC Asia|TRUE|FALSE|FALSE|FALSE|||800000||60|TRUE|||||||||||2||1.5||||2|5||100||FALSE|||Handling fee waiver for entire repayment period|Loan amount up to HK$800,000 or 10 times of monthly salary ||en
幸福貸款-「美滿人生」私人貸款幸福貸款-「美滿人生」私人貸款幸福貸款-「美滿人生」私人貸款幸福貸款-「美滿人生」私人貸款幸福貸款-「美滿人生」私人貸款|http://www.icbcasia.com/big5/etool/forms/PerfectLifePLoan.pdf|http://admindev.compargo.com/assets/uploadimages/productImg/hk/icbc-bank.png|||32|Personal Instalment Loan|工銀亞洲|TRUE|FALSE|FALSE|FALSE|||800000||60|TRUE|||||||||||2||1.5||||2|5||100||FALSE|||豁免全期貸款手續費豁免全期貸款手續費豁免全期貸款手續費豁免全期貸款手續費豁免全期貸款手續費|貸款額高達HK$800,000或月薪10倍 ||zh
Easi-Personal installment Loan|https://www.ncb.com.hk/nanyang_bank/eng/html/121153.html|http://admindev.compargo.com/assets/uploadimages/productImg/hk/nanyang-commercial-bank1.png|||47|Personal Instalment Loan|Nanyang Commercial Bank|TRUE|FALSE|FALSE|FALSE|||1000000||48|FALSE|||||||||1||2||2||||4|3||||FALSE|||Loan amount up to HK$1,000,000 or 12 times of your monthly salary|Privileged Customers are entitled to preferential interest rates.||en
「理財貸輕鬆」分期貸款|https://www.ncb.com.hk/nanyang_bank/html/121153.html|http://admindev.compargo.com/assets/uploadimages/productImg/hk/nanyang-commercial-bank1.png|||48|Personal Instalment Loan|南洋商業銀行|TRUE|FALSE|FALSE|FALSE|||1000000||48|FALSE|||||||||1||2||2||||4|3||||FALSE|||貸款額高達HK$1,000,000或月薪12倍|特選客戶更可專享特優利率||zh
Easi-Overdraft Facility|https://www.ncb.com.hk/nanyang_bank/eng/html/121153.html|http://admindev.compargo.com/assets/uploadimages/productImg/hk/nanyang-commercial-bank2.png|||47|Personal Credit Line|Nanyang Commercial Bank|FALSE|FALSE|TRUE|FALSE|||1000000|||FALSE|||||||||1||||||||2|3||100||FALSE|||You are free to withdraw or repay the facility any time|Privileged Customers are entitled to preferential interest rates.||en
"順手錢"備用透支"順手錢"備用透支"順手錢"備用透支"順手錢"備用透支"順手錢"備用透支|https://www.ncb.com.hk/nanyang_bank/html/121153.html|http://admindev.compargo.com/assets/uploadimages/productImg/hk/nanyang-commercial-bank2.png|||48|Personal Credit Line|南洋商業銀行|FALSE|FALSE|TRUE|FALSE|||1000000|||FALSE|||||||||1||||||||2|3||100||FALSE|||因應您的財務需要，隨時提用及還款|特選客戶更可專享特優利率特選客戶更可專享特優利率特選客戶更可專享特優利率特選客戶更可專享特優利率特選客戶更可專享特優利率||zh
Easy Tax Loan|https://www.ncb.com.hk/nanyang_bank/eng/html/121153.html|http://admindev.compargo.com/assets/uploadimages/productImg/hk/nanyang-commercial-bank.png|||47|Tax Loan|Nanyang Commercial Bank|FALSE|FALSE|FALSE|FALSE|||2000000||18|FALSE|||||||||1||2||2||||3|3|500|||FALSE|||Loan amount up to 300% of customers' tax bills or 12 times their monthly salary or up to HK$2,000,000|Preferential loan rate|Repayment period can be up to 18 months|en
稅務貸款|https://www.ncb.com.hk/nanyang_bank/html/121153.html|http://admindev.compargo.com/assets/uploadimages/productImg/hk/nanyang-commercial-bank.png|||48|Tax Loan|南洋商業銀行|FALSE|FALSE|FALSE|FALSE|||2000000||18|FALSE|||||||||1||2||2||||3|3|500|||FALSE|||貸款額可高達稅款300%或月入12倍或貸款額200萬貸款額可高達稅款300%或月入12倍或貸款額200萬貸款額可高達稅款300%或月入12倍或貸款額200萬貸款額可高達稅款300%或月入12倍或貸款額200萬貸款額可高達稅款300%或月入12倍或貸款額200萬|貸款利率特優貸款利率特優貸款利率特優貸款利率特優貸款利率特優|還款期最長可達18個月還款期最長可達18個月還款期最長可達18個月還款期最長可達18個月還款期最長可達18個月|zh
Low Interest Personal Loan|https://emarketer.publicbank.com.hk/emarketing/ploan/preapply?lang=en|http://admindev.compargo.com/assets/uploadimages/productImg/hk/public-bank4.gif|||22|Personal Instalment Loan|Public Bank (Hong Kong)|TRUE|FALSE|FALSE|FALSE|||800000||48|TRUE|||||||||1||6|2|2||||3|3|100|||FALSE|||Individual monthly flat rate as low as 0.11%|Loan up to HK$800,000 or 12x monthly income|Same-Day Approval and Loan Disbursement|en
低息私人貸款計劃|https://emarketer.publicbank.com.hk/emarketing/ploan/preapply?lang=zh_hk|http://admindev.compargo.com/assets/uploadimages/productImg/hk/public-bank4.gif|||31|Personal Instalment Loan|大眾銀行(香港)|TRUE|FALSE|FALSE|FALSE|||800000||48|TRUE|||||||||1||6|2|2||||3|3|100|||FALSE|||個人化息率，每月平息低至 0.11%|貸款額高達 HK$800,000 或 月薪12倍貸款額高達 HK$800,000 或 月薪12倍貸款額高達 HK$800,000 或 月薪12倍貸款額高達 HK$800,000 或 月薪12倍貸款額高達 HK$800,000 或 月薪12倍|即日批核即日批核即日批核即日批核即日批核|zh
Debts Consolidation Personal Loan Plan|https://emarketer.publicbank.com.hk/emarketing/ploan/preapply?lang=en|http://admindev.compargo.com/assets/uploadimages/productImg/hk/public-bank2.gif|||22|Debt Consolidation|Public Bank (Hong Kong)|FALSE|TRUE|FALSE|FALSE|||800000||60|TRUE|||||||||1||6|2|2||||3|3|100|||FALSE|||Loan amount up to HK$800,000 or 20X monthly income |Repayment tenor up to 60 months ||en
私人貸款計劃結餘轉戶|https://emarketer.publicbank.com.hk/emarketing/ploan/preapply?lang=zh_hk|http://admindev.compargo.com/assets/uploadimages/productImg/hk/public-bank2.gif|||31|Debt Consolidation|大眾銀行(香港)|FALSE|TRUE|FALSE|FALSE|||800000||60|TRUE|||||||||1||6|2|2||||3|3|100|||FALSE|||貸款額高達HK$800,000 或月薪20倍 貸款額高達|還款期長達60個月還款期長達60個月還款期長達60個月還款期長達60個月還款期長達60個月||zh
Flexi-Cash Revolving Personal Loan|https://emarketer.publicbank.com.hk/emarketing/ploan/preapply?lang=en|http://admindev.compargo.com/assets/uploadimages/productImg/hk/public-bank3.gif|||22|Personal Credit Line|Public Bank (Hong Kong)|FALSE|FALSE|TRUE|FALSE|||300000||36|TRUE|||||||||1||6|2|2||||3|3|100|||FALSE|||Loan amount up to HK$300,000|Monthly flat rate as Low as 0.26%||en
「易貸錢」循環私人貸款|https://emarketer.publicbank.com.hk/emarketing/ploan/preapply?lang=zh_hk|http://admindev.compargo.com/assets/uploadimages/productImg/hk/public-bank3.gif|||31|Personal Credit Line|大眾銀行(香港)|FALSE|FALSE|TRUE|FALSE|||300000||36|TRUE|||||||||1||6|2|2||||3|3|100|||FALSE|||貸款額高達 HK$300,000貸款額高達 HK$300,000貸款額高達 HK$300,000貸款額高達 HK$300,000|每月平息低至0.26%每月平息低至0.26%每月平息低至0.26%每月平息低至0.26%||zh
"0" Interest Personal Loan|https://emarketer.publicbank.com.hk/emarketing/ploan/preapply?lang=en|http://admindev.compargo.com/assets/uploadimages/productImg/hk/public-bank.gif|||22|Personal Instalment Loan|Public Bank (Hong Kong)|TRUE|FALSE|FALSE|FALSE|||200000||36|TRUE|||||||||2.5||6|2|2||||3|3|100|||FALSE|||Repayment Tenor up to 36 Months|||en
“0”息私人貸款“0”息私人貸款“0”息私人貸款“0”息私人貸款|https://emarketer.publicbank.com.hk/emarketing/ploan/preapply?lang=zh_hk|http://admindev.compargo.com/assets/uploadimages/productImg/hk/public-bank.gif|||31|Personal Instalment Loan|大眾銀行(香港)|TRUE|FALSE|FALSE|FALSE|||200000||36|TRUE|||||||||2.5||6|2|2||||3|3|100|||FALSE|||還款期長達36個月還款期長達36個月還款期長達36個月還款期長達36個月|||zh
Single Pricing Personal Loan|https://emarketer.publicbank.com.hk/emarketing/ploan/preapply?lang=en|http://admindev.compargo.com/assets/uploadimages/productImg/hk/public-bank.gif|||22|Tax Loan|Public Bank (Hong Kong)|FALSE|FALSE|FALSE|FALSE|||1000000||36|TRUE|||||||||||2||2||||3|3|100|||FALSE|||Monthly Flat Rate as low as 0.16%|Loan amount up to 3x Tax Bill Amount or 5x Monthly Income|Full Handling Fee Waiver|en
「 劃 一 價」私 人 貸 款「 劃 一 價」私 人 貸 款「 劃 一 價」私 人 貸 款「 劃 一 價」私 人 貸 款|https://emarketer.publicbank.com.hk/emarketing/ploan/preapply?lang=zh_hk|http://admindev.compargo.com/assets/uploadimages/productImg/hk/public-bank.gif|||31|Tax Loan|大眾銀行(香港)|FALSE|FALSE|FALSE|FALSE|||1000000||36|TRUE|||||||||||2||2||||3|3|100|||FALSE|||個人化息率，每月平息低至 ，每月平息低至 0.16%個人化息率，每月平息低至 ，每月平息低至 0.16%個人化息率，每月平息低至 ，每月平息低至 0.16%個人化息率，每月平息低至 ，每月平息低至 0.16%|貸款額高達稅額 3 倍或月薪 5 倍貸款額高達稅額 3 倍或月薪 5 倍貸款額高達稅額 3 倍或月薪 5 倍貸款額高達稅額 3 倍或月薪 5 倍|手續費全免|zh
Payroll Overdraft Facilities||http://admindev.compargo.com/assets/uploadimages/productImg/hk/public-bank1.gif|||22|Personal Credit Line|Public Bank (Hong Kong)|FALSE|FALSE|TRUE|FALSE|||100000|||FALSE||||||||||||||||||||||FALSE|||Stand-by cash up to HK$100,000 or 2 times your monthly salary |No handling fee for the first year||en
個人支薪透支服務||http://admindev.compargo.com/assets/uploadimages/productImg/hk/public-bank1.gif|||31|Personal Credit Line|大眾銀行(香港)|FALSE|FALSE|TRUE|FALSE|||100000|||FALSE||||||||||||||||||||||FALSE|||備用透支額可高達港幣100,000元或月薪 2 倍 備用透支額可高達港幣100,000元或月薪 2 倍 備用透支額可高達港幣100,000元或月薪 2 倍 備用透支額可高達港幣100,000元或月薪 2 倍 |豁免首年手續費豁免首年手續費豁免首年手續費豁免首年手續費||zh
Personal Tax Loan||http://admindev.compargo.com/assets/uploadimages/productImg/hk/shanghai-commercial-bank.png|||23|Tax Loan|Shanghai Commercial Bank|FALSE|FALSE|FALSE|FALSE|||3000000|||TRUE|||||||||||||||||6|P+4%p.a.||100||FALSE|||Monthly Flat Rate as low as 0.0965% with handling fee waiver|10% Interest Rebate offer for new customers||en
 個人稅務貸款 個人稅務貸款 個人稅務貸款 個人稅務貸款||http://admindev.compargo.com/assets/uploadimages/productImg/hk/shanghai-commercial-bank.png|||30|Tax Loan|上海商業銀行|FALSE|FALSE|FALSE|FALSE|||3000000|||TRUE|||Loan repayment period of 12 months||||||||||||||6|P+4%p.a.||100||FALSE|||每月平息低至 0.0965%，手續費全免每月平息低至 0.0965%，手續費全免每月平息低至 0.0965%，手續費全免每月平息低至 0.0965%，手續費全免|全新客戶10%利息回贈全新客戶10%利息回贈全新客戶10%利息回贈全新客戶10%利息回贈||zh
Shares Overdraft Facility  |http://www.shacombank.com.hk/bankscb/pdf/LNS040.pdf|http://admindev.compargo.com/assets/uploadimages/productImg/hk/shanghai-commercial-bank.png|||23|Personal Credit Line|Shanghai Commercial Bank|FALSE|FALSE|TRUE|FALSE||||||FALSE|||以12個月還款期計||||||||||||||2|0.77||100||FALSE|||Available limit between 20% and 60% of the market value of the pledged shares|Interest rate ranging from the Prime Lending Rate to 2% above the Prime Lending Rate||en
股票透支服務|http://www.shacombank.com.hk/bankscb/pdf/LNS040.pdf|http://admindev.compargo.com/assets/uploadimages/productImg/hk/shanghai-commercial-bank.png|||30|Personal Credit Line|上海商業銀行|FALSE|FALSE|TRUE|FALSE||||||FALSE|||||||||||||||||2|0.77||100||FALSE|||用款額以作押股票市值2成至6成為限用款額以作押股票市值2成至6成為限用款額以作押股票市值2成至6成為限用款額以作押股票市值2成至6成為限|利率為最優惠利率至最優惠利率加2厘利率為最優惠利率至最優惠利率加2厘利率為最優惠利率至最優惠利率加2厘利率為最優惠利率至最優惠利率加2厘||zh
 Personal Instalment Loan|https://forms.online.standardchartered.com/public_website/hongkong/OnlineSales/personal_loan_form.html?pid=HK_EN_PER_BOR_LPI_PER|http://admindev.compargo.com/assets/uploadimages/productImg/hk/standard-chartered-bank5.png|||23|Personal Instalment Loan|Standard Chartered|TRUE|FALSE|FALSE|FALSE|Up to HK$2,000 cash coupon||1200000||60|FALSE|||||||||1.5||2||2.5||||5||1000|||FALSE|||Up to HK$1,200,000 or 10x your monthly salary |Choose the repayment time that suits you best - from 12 to 60 months.||en
渣打「分期貸款」|https://forms.online.standardchartered.com/public_website/hongkong/OnlineSales/personal_loan_form_traditional_chinese.html?pid=HK_ZH_PER_BOR_LPI_BNR|http://admindev.compargo.com/assets/uploadimages/productImg/hk/standard-chartered-bank5.png|||30|Personal Instalment Loan|渣打銀行|TRUE|FALSE|FALSE|FALSE|高達HK$2,000現金券||1200000||60|FALSE|||||||||1.5||2||2.5||||5||1000|||FALSE|||高達 HK$1,200,000 或月薪 10 倍高達 HK$1,200,000 或月薪 10 倍高達 HK$1,200,000 或月薪 10 倍高達 HK$1,200,000 或月薪 10 倍|自由選擇 12 至 60 個月||zh
Debt Consolidation Program|https://forms.online.standardchartered.com/public_website/hongkong/OnlineSales/personal_loan_form.html?pid=HK_EN_PER_BOR_LDC_BNR|http://admindev.compargo.com/assets/uploadimages/productImg/hk/standard-chartered-bank5.png|||23|Debt Consolidation|Standard Chartered|FALSE|TRUE|FALSE|FALSE|Casio 14.1 Mega Pixel Digital Camera||1200000||60|FALSE|||||||||1.5||2||2.5||||5||1000|||FALSE|||Up to 18x your monthly income or HK$1,200,000. |Up to 60 month loan tenor|Personalized interest rate monthly flat rate as low as 0.153376%|en
結餘轉戶計劃|https://forms.online.standardchartered.com/public_website/hongkong/OnlineSales/personal_loan_form_traditional_chinese.html?pid=HK_ZH_PER_BOR_LDC_BNR|http://admindev.compargo.com/assets/uploadimages/productImg/hk/standard-chartered-bank5.png|||30|Debt Consolidation|渣打銀行|FALSE|TRUE|FALSE|FALSE|Casio 1410 萬像素相機高達 HK$2,000 超市現金券Casio 1410 萬像素相機||1200000||60|FALSE|||||||||1.5||2||2.5||||5||1000|||FALSE|||貸款額高達月薪 18 倍或港幣 1,200,000 元之貸款額|還款期長達60個月還款期長達60個月還款期長達60個月還款期長達60個月|特設個人化貸款利率，每月平息低至0.153376%特設個人化貸款利率，每月平息低至0.153376%特設個人化貸款利率，每月平息低至0.153376%特設個人化貸款利率，每月平息低至0.153376%|zh
Revolving Cash Card|https://forms.online.standardchartered.com/public_website/hongkong/OnlineSales/personal_loan_form.html?pid=HK_EN_PER_BOR_RCC_BNR|http://admindev.compargo.com/assets/uploadimages/productImg/hk/standard-chartered-bank3.png|||23|Personal Credit Line|Standard Chartered|FALSE|FALSE|TRUE|FALSE|||800000|||FALSE||||50|0.5|1|100|300|1|50|||||||2|8||100||FALSE|||Up to HK$800,000 or 4x your monthly salary. |No fixed tenure||en
渣打「循環貸款卡」|https://forms.online.standardchartered.com/public_website/hongkong/OnlineSales/personal_loan_form_traditional_chinese.html?pid=HK_ZH_PER_BOR_RCC_BNR|http://admindev.compargo.com/assets/uploadimages/productImg/hk/standard-chartered-bank3.png|||30|Personal Credit Line|渣打銀行|FALSE|FALSE|TRUE|FALSE|||800000|||FALSE||||50|0.5|1|100|300|1|50|||||||2|8||100||FALSE|||高達 HK$800,000 或月薪4倍|不設特定期限||zh
Personal Line of Credit|https://forms.online.standardchartered.com/public_website/hongkong/OnlineSales/personal_loan_form.html?pid=HK_EN_PER_BOR_LOC_BNR|http://admindev.compargo.com/assets/uploadimages/productImg/hk/standard-chartered-bank4.png|||23|Personal Credit Line|Standard Chartered|FALSE|FALSE|TRUE|FALSE|||800000|||FALSE||||50|3|1|200|700|1.5||||||||5||1000|||FALSE|||Up to HK$800,000 or 4x your monthly salary. |No fixed tenure|Monthly minimum repayment of 3% of the statement balance or HK$50 (whichever is higher).|en
渣打私人透支服務|https://forms.online.standardchartered.com/public_website/hongkong/OnlineSales/personal_loan_form_traditional_chinese.html?pid=HK_ZH_PER_BOR_LOC_BNR|http://admindev.compargo.com/assets/uploadimages/productImg/hk/standard-chartered-bank4.png|||30|Personal Credit Line|渣打銀行|FALSE|FALSE|TRUE|FALSE|||800000|||FALSE||||50|3|1|200|700|1.5||||||||5||1000|||FALSE|||高達 HK$800,000 或月薪4倍|不設特定期限|每月最低還款額為透支額的 3% 或 HK$50（以較高者為準）。每月最低還款額為透支額的 3% 或 HK$50（以較高者為準）。每月最低還款額為透支額的 3% 或 HK$50（以較高者為準）。|zh
Personal Loan|https://www.whbcredit.com/pages/en/online_service_centre/online_loan_approval_centre/personal_loan/personal_loan/index.html|http://admindev.compargo.com/assets/uploadimages/productImg/hk/wing-hang-bank1.gif|||25|Personal Instalment Loan|Wing Hang |TRUE|FALSE|FALSE|FALSE|||1200000||72|TRUE|||||||||1||2||1||||3|0.875|200|||FALSE|||Loan amount up to $1,200,000 or 18 times of monthly salary .|Repayment tenor can be as long as 72 months.|Monthly flat rate as low as 0.043% (APR 2.85%)|en
低息私人貸款計劃|https://www.whbcredit.com/pages/tc/online_service_centre/online_loan_approval_centre/personal_loan/personal_loan/index.html|http://admindev.compargo.com/assets/uploadimages/productImg/hk/wing-hang-bank1.gif|||29|Personal Instalment Loan|永亨|TRUE|FALSE|FALSE|FALSE|||1200000||72|TRUE|||||||||1||2||1||||3|0.875|200|||FALSE|||貸款額可高逹$1,200,000或月薪18倍|還款期可長達72個月|每月平息低至0.043%(實際年利率2.85%)每月平息低至0.043%(實際年利率2.85%)每月平息低至0.043%(實際年利率2.85%)|zh
"5+1" Personal Loan|https://www.whbcredit.com/pages/en/online_service_centre/online_loan_approval_centre/personal_loan/5_1_personal_loan/index.html|http://admindev.compargo.com/assets/uploadimages/productImg/hk/wing-hang-bank.gif|||25|Personal Instalment Loan|Wing Hang |TRUE|FALSE|FALSE|FALSE|For every $50,000 of a "5+1" Personal Loan1 successfully applied for and drawn down, an extra interest-free and handling fee waiver personal loan in the amount of $10,000 will be offered. ||1200000||60|TRUE|||||||||1||2||1||||3|0.875|200|||FALSE|||No restriction on the use of loan|Monthly flat rate as low as 0.22%|Maximum loan amount can be as high as $1,200,000 with repayment tenor as long as 60 months|en
「5+1」私人貸款優惠|https://www.whbcredit.com/pages/tc/online_service_centre/online_loan_approval_centre/personal_loan/5_1_personal_loan/index.html|http://admindev.compargo.com/assets/uploadimages/productImg/hk/wing-hang-bank.gif|||29|Personal Instalment Loan|永亨|TRUE|FALSE|FALSE|FALSE|每$50,000，即可享有額外「免息免手續費」私人貸款額$10,000，盡享「5+1」優惠每$50,000，即可享有額外「免息免手續費」私人貸款額$10,000，盡享「5+1」優惠每$50,000，即可享有額外「免息免手續費」私人貸款額$10,000，盡享「5+1」優惠||1200000||60|TRUE|||||||||1||2||1||||3|0.875|200|||FALSE|||貸款用途不設限制|每月平息低至0.22%|貸款額可高達$1,200,000，還款期可長達60個月|zh
All-in-one Consolidation Program|https://www.whbcredit.com/pages/en/online_service_centre/online_loan_approval_centre/personal_loan/balance_transfer_program/All-in-one_Consolidation_Program/index.html|http://admindev.compargo.com/assets/uploadimages/productImg/hk/wing-hang-bank8.gif|||25|Debt Consolidation|Wing Hang |FALSE|TRUE|FALSE|FALSE|||1500000||72|TRUE|||||||||1||2||1||||5||200|||FALSE|||Loan amount up to $1,500,000 or 21 times of monthly salary . |Repayment tenor can be as long as 72 months.|Monthly flat rate as low as 0.043% (APR 2.85%)|en
卡數All清卡數All清卡數All清|https://www.whbcredit.com/pages/tc/online_service_centre/online_loan_approval_centre/personal_loan/balance_transfer_program/All-in-one_Consolidation_Program/index.html|http://admindev.compargo.com/assets/uploadimages/productImg/hk/wing-hang-bank8.gif|||29|Debt Consolidation|永亨|FALSE|TRUE|FALSE|FALSE|||1500000||72|TRUE|||||||||1||2||1||||5||200|||FALSE|||貸款額可高達$1,500,000或月薪21倍|還款期可長達72個月|每月平息低至0.043%(實際年利率2.85%)每月平息低至0.043%(實際年利率2.85%)每月平息低至0.043%(實際年利率2.85%)|zh
"90 Days Payment Holiday" Personal Loan|https://www.whbcredit.com/pages/en/online_service_centre/online_loan_approval_centre/personal_loan/90_days_payment_holiday_loan/index.html|http://admindev.compargo.com/assets/uploadimages/productImg/hk/wing-hang-bank.gif|||25|Personal Instalment Loan|Wing Hang |TRUE|FALSE|FALSE|FALSE|||700000||48|TRUE|||||||||1||2||1||||3|0.875|200|||FALSE|||Enjoy up to 90 days of payment holiday after loan account opening|Early repayment penalty waiver within the payment holiday||en
「識嘆錢」私人貸款|https://www.whbcredit.com/pages/tc/online_service_centre/online_loan_approval_centre/personal_loan/90_days_payment_holiday_loan/index.html|http://admindev.compargo.com/assets/uploadimages/productImg/hk/wing-hang-bank.gif|||29|Personal Instalment Loan|永亨|TRUE|FALSE|FALSE|FALSE|||700000||48|TRUE|||||||||1||2||1||||3|0.875|200|||FALSE|||專享於貸款開立後90天免還款優惠|於免供還款假期內豁免提早清還罰息||zh
"Black Seal" Exclusive Loan|https://www.whbcredit.com/pages/en/online_service_centre/online_loan_approval_centre/personal_loan/black_seal_personal_loan/index.html|http://admindev.compargo.com/assets/uploadimages/productImg/hk/wing-hang-bank.gif|||25|Personal Instalment Loan|Wing Hang |TRUE|FALSE|FALSE|FALSE|||2000000||72|TRUE|NA|NA|||||||1||2||1||||3|0.875|200|||FALSE|||Loan amount up to $2,000,000 |An experienced customer services officer or manager will be assigned to each BLACK SEAL Exclusive Personal Loan customer|Privileged gift|en
「Black Seal」尊享貸款「Black Seal」尊享貸款「Black Seal」尊享貸款|https://www.whbcredit.com/pages/tc/online_service_centre/online_loan_approval_centre/personal_loan/black_seal_personal_loan/index.html|http://admindev.compargo.com/assets/uploadimages/productImg/hk/wing-hang-bank.gif|||29|Personal Instalment Loan|永亨|TRUE|FALSE|FALSE|FALSE|||2000000||72|TRUE|NA|NA|||||||1||2||1||||3|0.875|200|||FALSE|||高達$ 2,000,000|每位BLACK SEAL尊貴客戶，均有專責的資深客戶主任及經理處理貸款申請及戶口事宜|賞心悅目的禮品|zh
3-Month Interest-Free Skip-Payment Pure Tax Loan|https://www.whbcredit.com/pages/en/online_service_centre/online_loan_approval_centre/tax_loan/90_days_skip_payment_tax_loan/index.html|http://admindev.compargo.com/assets/uploadimages/productImg/hk/wing-hang-bank7.gif|||25|Tax Loan|Wing Hang |FALSE|FALSE|FALSE|FALSE|||2000000||24|TRUE|||||||||||||||||5||200|||FALSE|||Privileged customers can enjoy monthly flat rate standardized at 0.1% (APR 1.65%)|Loan amount as high as HK$2,000,000 or 12 times of monthly salary |Handling fee waiver|en
3個月免息免供純稅務貸款|https://www.whbcredit.com/pages/tc/online_service_centre/online_loan_approval_centre/tax_loan/90_days_skip_payment_tax_loan/index.html|http://admindev.compargo.com/assets/uploadimages/productImg/hk/wing-hang-bank7.gif|||29|Tax Loan|永亨|FALSE|FALSE|FALSE|FALSE|||2000000||24|TRUE|||||||||||||||||5||200|||FALSE|||特選客戶可享每月平息劃一0.1%(實際年利率1.65%)特選客戶可享每月平息劃一0.1%(實際年利率1.65%)特選客戶可享每月平息劃一0.1%(實際年利率1.65%)|貸款額可高逹港幣$2,000,000或月薪12倍|手續費全免|en
Free-Interest Tax Loan|https://www.whbcredit.com/pages/en/online_service_centre/online_loan_approval_centre/tax_loan/free_interest_tax_loan/index.html|http://admindev.compargo.com/assets/uploadimages/productImg/hk/wing-hang-bank2.gif|||25|Tax Loan|Wing Hang |FALSE|FALSE|FALSE|FALSE|||2000000||12|TRUE|||||||||1||||||||5||200|||FALSE|||No interest will be charged on you|Loan amount as high as HK$2,000,000 or 12 times of monthly salary ||en
即供免息稅務貸款|https://www.whbcredit.com/pages/tc/online_service_centre/online_loan_approval_centre/tax_loan/free_interest_tax_loan/index.html|http://admindev.compargo.com/assets/uploadimages/productImg/hk/wing-hang-bank2.gif|||29|Tax Loan|永亨|FALSE|FALSE|FALSE|FALSE|||2000000||12|TRUE|||||||||1||||||||5||200|||FALSE|||利息全免|$2,000,000或月薪12倍||en
Revolving Tax Loan|https://www.whbcredit.com/pages/en/online_service_centre/online_loan_approval_centre/tax_loan/revolving_tax_loan/index.html|http://admindev.compargo.com/assets/uploadimages/productImg/hk/wing-hang-bank.gif|||25|Tax Loan|Wing Hang |FALSE|FALSE|FALSE|FALSE|||1000000|||TRUE||||0|1|2|100||||||||||1|5||100|300|FALSE|||Standardized annual rate of P-2% for the first 12 months|Loan amount can be up to HK$1,000,000 or 8 times of monthly salary |First year annual fee waiver|en
循環稅務貸款|https://www.whbcredit.com/pages/tc/online_service_centre/online_loan_approval_centre/tax_loan/revolving_tax_loan/index.html|http://admindev.compargo.com/assets/uploadimages/productImg/hk/wing-hang-bank.gif|||29|Tax Loan|永亨|FALSE|FALSE|FALSE|FALSE|||1000000|||TRUE||||0|1|2|100||||||||||1|5||100|300|FALSE|||首12個月劃一年息P-2%|信貸額最高可達港幣$1,000,000或月薪8倍|免首年年費|zh
Associate Personal Loan Under Tax Loan Program|https://www.whbcredit.com/pages/en/online_service_centre/online_loan_approval_centre/tax_loan/advance_tax_loan/index.html|http://admindev.compargo.com/assets/uploadimages/productImg/hk/wing-hang-bank4.gif|||25|Tax Loan|Wing Hang |FALSE|FALSE|FALSE|FALSE|||||72|TRUE|||||||||||||||||5||200|||FALSE|||Loan tenor as long as 72 months|Loan amount as high as 20 times of monthly salary|Personalized interest rate|en
稅務貸款計劃 - 私人貸款|https://www.whbcredit.com/pages/tc/online_service_centre/online_loan_approval_centre/tax_loan/advance_tax_loan/index.html|http://admindev.compargo.com/assets/uploadimages/productImg/hk/wing-hang-bank4.gif|||29|Tax Loan|永亨|FALSE|FALSE|FALSE|FALSE|||||72|TRUE|||||||||||||||||5||200|||FALSE|||還款期可長達72個月|貸款額可高達月薪20倍|個人化息率|zh
"Refill Cash" Revolving Credit|https://www.whbcredit.com/pages/en/online_service_centre/online_loan_approval_centre/revolving_credit/refill_cash/index.html|http://admindev.compargo.com/assets/uploadimages/productImg/hk/wing-hang-bank.gif|||25|Personal Credit Line|Wing Hang |FALSE|FALSE|TRUE|FALSE|||1000000|||TRUE||||0|1|2|100||||||||||1|5||100|300|FALSE|||Standardized annual rate of 4.8% for the first 3 months|Maximum credit limit up to HK$1,000,000 or 8 times of monthly salary |Handling fee wavier for each loan drawdown,first year annual fee wavier|en
「Refill Cash」循環貸款「Refill Cash」循環貸款|https://www.whbcredit.com/pages/tc/online_service_centre/online_loan_approval_centre/revolving_credit/refill_cash/index.html|http://admindev.compargo.com/assets/uploadimages/productImg/hk/wing-hang-bank.gif|||29|Personal Credit Line|永亨|FALSE|FALSE|TRUE|FALSE|||1000000|||TRUE||||0|1|2|100||||||||||1|5||100|300|FALSE|||首3個月劃一年息4.8%|信貸額最高可達港幣100萬元或月薪8倍 |提取貸款毋需繳付手續,豁免首年年費提取貸款毋需繳付手續,豁免首年年費|zh
Decoration Loan|https://www.whbcredit.com/pages/en/online_service_centre/online_loan_approval_centre/decoration_loan/index.html|http://admindev.compargo.com/assets/uploadimages/productImg/hk/wing-hang-bank3.gif|||25|Personal Instalment Loan|Wing Hang |TRUE|FALSE|FALSE|FALSE|||||72|TRUE|NA||||||||1||2||3||||2|3||100||FALSE|||Super low interest rate|Repayment tenor can be as long as 72 months.||en
裝修貸款|https://www.whbcredit.com/pages/tc/online_service_centre/online_loan_approval_centre/decoration_loan/index.html|http://admindev.compargo.com/assets/uploadimages/productImg/hk/wing-hang-bank3.gif|||29|Personal Instalment Loan|永亨|TRUE|FALSE|FALSE|FALSE|||||72|TRUE|NA||||||||1||2||3||||2|3||100||FALSE|||利率特低|還款期可長達72個月||zh
Red Wine Financing Service||http://admindev.compargo.com/assets/uploadimages/productImg/hk/wing-lung-bank.jpg|||26|Personal Instalment Loan|Wing Lung Bank|TRUE|FALSE|FALSE|FALSE|||5000000||60|TRUE|||||||||||||||||5||100|||FALSE|||Loan amount up to HK$ 5,000,000 or 50% of the purchasing value|Repay by fixed loan or installment loan||en
「紅酒貸款」服務||http://admindev.compargo.com/assets/uploadimages/productImg/hk/wing-lung-bank.jpg|||27|Personal Instalment Loan|永隆銀行|TRUE|FALSE|FALSE|FALSE|||5000000||60|TRUE|||||||||||||||||5||100|||FALSE|||最高貸款額度高達港幣500萬元或等於紅酒購入價的50%|借梗貸款或分期付款兩種形式選擇借梗貸款或分期付款兩種形式選擇||zh
“Easy Pay” Tax Loan |http://www.winglungbank.com/wlb_corporate/UserFiles/File/pdf/Xx/Csb/Loa/XxCoLoaTaxloa.pdf|http://admindev.compargo.com/assets/uploadimages/productImg/hk/wing-lung-bank.jpg|||26|Tax Loan|Wing Lung Bank|FALSE|FALSE|FALSE|FALSE|||1000000||18|FALSE|||||||||0.5||3||1||500||3|3|500|||FALSE|||Loan amount up to 200% (selected customer) / 100% (general customer) of your tax bill amount [Maximum Loan Amount : HK$1,000,000]|APR as low as 2.69%||en
「交稅通」稅務貸款|http://www.winglungbank.com/wlb_corporate/UserFiles/File/pdf/Xx/Csb/Loa/XxCoLoaTaxloa.pdf|http://admindev.compargo.com/assets/uploadimages/productImg/hk/wing-lung-bank.jpg|||27|Tax Loan|永隆銀行|FALSE|FALSE|FALSE|FALSE|||1000000||18|FALSE|||||||||0.5||3||1||500||3|3|500|||FALSE|||貸款額高達應繳稅額之200% (特選客戶) / 100% (一般客戶) [貸款額上限 : 港幣1,000,000元]|實際年利率低至2.69%||zh
Tax Loan|https://www.dahsing.com/eform/loan/pl_app2_e.html?param_5=Tax%20Loan_%E4%BA%A4%E7%A8%85%E3%80%8C%E5%BF%AB%E6%87%89%E9%8C%A2%E3%80%8D|http://admindev.compargo.com/assets/uploadimages/productImg/hk/dah-sing-bank6.jpeg|||16|Tax Loan|Dah Sing Bank|FALSE|FALSE|FALSE|FALSE|Extra HK$50 cash reward for successful online application||1000000||24|FALSE|||based on 12-month and loan amounts of HK$1,000,000|||||||||||||||||||TRUE|As low as 1.99% annualized percentage rate ("APR"), First Month Payment Holiday, HK$100 Cash Reward|31-12-2013|APR as low as 1.99%|Repayment tenor up to 24 months|Save more with perpetual handling fee waiver |en
交稅「快應錢」|https://www.dahsing.com/eform/loan/pl_app2_c.html?param_5=Tax%20Loan_%E4%BA%A4%E7%A8%85%E3%80%8C%E5%BF%AB%E6%87%89%E9%8C%A2%E3%80%8D|http://admindev.compargo.com/assets/uploadimages/productImg/hk/dah-sing-bank6.jpeg|||37|Tax Loan|大新銀行|FALSE|FALSE|FALSE|FALSE|額外HK$50現金獎賞||1000000||24|FALSE|||假設貸款額為HK$1,000,000，還款期為12個月|||||||||||||||||||TRUE|實際年利率低至1.99%、首月還款假期及HK$100現金獎賞|31-12-2013|實際年利率低至1.99%|還款期長達24個月|豁免全期手續費|zh
Tax Season's Standard Chartered Personal Instalment Loan|https://forms.online.standardchartered.com/public_website/hongkong/OnlineSales/personal_loan_form.html?pid=promo-apply-taxploan-en|http://admindev.compargo.com/assets/uploadimages/productImg/hk/standard-chartered-bank2.png|||24|Tax Loan|Standard Chartered|FALSE|FALSE|FALSE|FALSE|Extra HK$200 supermarket cash reward for successful online application||1200000||12|FALSE|||Monthly flat rate of 0%, a handling fee of 2% (per annum), loan amount is $1,000,000 or above |||2||||||||||||||||TRUE|0% monthly flate rate throught the year，Handling fee discount offer up to 50%， exclusive $200 supermarket cash coupon |30-01-2014|Maximum loan amount up to 9  times monthly salary|0% monthly flate rate throught the year|Handling fee discount offer up to 50% |en
稅季渣打「分期貸款」|https://forms.online.standardchartered.com/public_website/hongkong/OnlineSales/personal_loan_form_traditional_chinese.html?pid=promo-apply-taxploan-zh|http://admindev.compargo.com/assets/uploadimages/productImg/hk/standard-chartered-bank2.png|||28|Tax Loan|渣打銀行|FALSE|FALSE|FALSE|FALSE|網上成功申請獲得HK$200超市現金券||1200000||12|FALSE|||貸款月利率低至0%,手續費每年2%,貸款額$1,000,000或以上|||2||||||||||||||||TRUE|貸款月利率低至0%,豁免高達50%手續費,額外HK$200超市現金獎賞|30-01-2014|貸款額高達9倍月薪|貸款月利率低至0%|豁免高達50%手續費|zh
Tax Comforter|https://bank.hangseng.com/1/2/personal/loans/online-application/tax-loan-application|http://admindev.compargo.com/assets/uploadimages/productImg/hk/hang-seng-bank3.jpg|||19|Tax Loan|Hang Seng Bank|FALSE|FALSE|FALSE|FALSE|||||18|FALSE|||Loan repayment period of 12 months, loan amount over 500,0000|||||||||||||||||||FALSE|||Monthly flat rate as low as 0.12% with full handling fee waiver|First-month payment holiday|High loan amount of up to 8 times of your monthly salary|en
「 稅 安 心 」 貸 款|https://bank.hangseng.com/1/2/chi/personal/interim-logon?targetPage=TAXC001|http://admindev.compargo.com/assets/uploadimages/productImg/hk/hang-seng-bank3.jpg|||34|Tax Loan|恆生銀行|FALSE|FALSE|FALSE|FALSE|||||18|FALSE|||HK$500,000或以上，還款期為12個月|||||||||||||||||||FALSE|||每月平息低至0.12%及豁免全期手續費|首月還款假期，延遲還款一個月|貸款額高達月薪8倍|zh
Personal Tax Loan|https://www.hsbc.com.hk/1/2/hk/loans/tax-applications?WABFormEntryCommand=cmd_init|http://admindev.compargo.com/assets/uploadimages/productImg/hk/hsbc-bank.jpeg|||20|Tax Loan|HSBC|FALSE|FALSE|FALSE|FALSE|||3000000||12|TRUE|||Repayment period of 12 months and borrow amount over 300000||||||1.8|||||||||||||TRUE|Up to 12-month interest rebate|31-01-2014|Monthly flat rate as low as 0.08%|Up to 12-month interest rebate|Loan amount of up to HK$3,000,000 or 10 times of the monthly salary|en
交稅「萬應錢」|https://www.ebanking.hsbc.com.hk/1/2/logon?LANGTAG=zh&COUNTRYTAG=HK|http://admindev.compargo.com/assets/uploadimages/productImg/hk/hsbc-bank.jpeg|||33|Tax Loan|滙豐|FALSE|FALSE|FALSE|FALSE|||3000000||12|TRUE|||还款期12个月，贷款额超过HK$300000||||||1.8|||||||||||||TRUE|高達12個月利息回贈優惠|31-01-2014|每月平息低至0.08%|高達12個月利息回贈優惠|貸款額高達港幣3,000,000元或月薪10倍|zh
